<?xml version="1.0" encoding="UTF-8"?>
<gpx creator="Garmin Connect" version="1.1"
  xsi:schemaLocation="http://www.topografix.com/GPX/1/1 http://www.topografix.com/GPX/11.xsd"
  xmlns:ns3="http://www.garmin.com/xmlschemas/TrackPointExtension/v1"
  xmlns="http://www.topografix.com/GPX/1/1"
  xmlns:xsi="http://www.w3.org/2001/XMLSchema-instance" xmlns:ns2="http://www.garmin.com/xmlschemas/GpxExtensions/v3">
  <metadata>
    <name>Comrades Marathon 2024</name>
    <link href="connect.garmin.com">
      <text>Garmin Connect</text>
    </link>
    <time>2026-05-04T20:59:14.000Z</time>
  </metadata>
  <trk>
    <name>Comrades Marathon 2024</name>
    <trkseg>
      <trkpt lat="-29.857871057465672" lon="31.02700305171311">
        <ele>13.88</ele>
      </trkpt>
      <trkpt lat="-29.857878601178527" lon="31.026957035064697">
        <ele>15.66</ele>
      </trkpt>
      <trkpt lat="-29.85811471939087" lon="31.025551557540894">
        <ele>18.23</ele>
      </trkpt>
      <trkpt lat="-29.858232652768493" lon="31.02466106414795">
        <ele>21.66</ele>
      </trkpt>
      <trkpt lat="-29.85830775462091" lon="31.02417826652527">
        <ele>26.22</ele>
      </trkpt>
      <trkpt lat="-29.85838294029236" lon="31.023759841918945">
        <ele>29.66</ele>
      </trkpt>
      <trkpt lat="-29.858382856473327" lon="31.023759841918945">
        <ele>31.48</ele>
      </trkpt>
      <trkpt lat="-29.858404314145446" lon="31.023588180541992">
        <ele>32.35</ele>
      </trkpt>
      <trkpt lat="-29.858423173427582" lon="31.02346932515502">
        <ele>32.9</ele>
      </trkpt>
      <trkpt lat="-29.858500873669982" lon="31.022976636886597">
        <ele>29.1</ele>
      </trkpt>
      <trkpt lat="-29.85858678817749" lon="31.0224187374115">
        <ele>28.36</ele>
      </trkpt>
      <trkpt lat="-29.858683263882995" lon="31.021828651428223">
        <ele>26.14</ele>
      </trkpt>
      <trkpt lat="-29.858865654096007" lon="31.020745038986206">
        <ele>21.08</ele>
      </trkpt>
      <trkpt lat="-29.858994400128722" lon="31.019951105117798">
        <ele>18.43</ele>
      </trkpt>
      <trkpt lat="-29.85904804430902" lon="31.01963996887207">
        <ele>16.41</ele>
      </trkpt>
      <trkpt lat="-29.859074782580137" lon="31.01949093863368">
        <ele>14.82</ele>
      </trkpt>
      <trkpt lat="-29.859101688489318" lon="31.019339561462402">
        <ele>12.74</ele>
      </trkpt>
      <trkpt lat="-29.859144603833556" lon="31.01911425590515">
        <ele>12.42</ele>
      </trkpt>
      <trkpt lat="-29.859208976849914" lon="31.018728017807007">
        <ele>12.34</ele>
      </trkpt>
      <trkpt lat="-29.859359180554748" lon="31.017730236053467">
        <ele>11.81</ele>
      </trkpt>
      <trkpt lat="-29.859681045636535" lon="31.01567029953003">
        <ele>12.07</ele>
      </trkpt>
      <trkpt lat="-29.859745418652892" lon="31.015348434448242">
        <ele>12.21</ele>
      </trkpt>
      <trkpt lat="-29.859745502471924" lon="31.015348434448242">
        <ele>12.27</ele>
      </trkpt>
      <trkpt lat="-29.859648942947388" lon="31.015294790267944">
        <ele>12.19</ele>
      </trkpt>
      <trkpt lat="-29.859541654586792" lon="31.015294790267944">
        <ele>12.04</ele>
      </trkpt>
      <trkpt lat="-29.85883355140686" lon="31.015563011169434">
        <ele>12.0</ele>
      </trkpt>
      <trkpt lat="-29.858522415161133" lon="31.015605926513672">
        <ele>11.23</ele>
      </trkpt>
      <trkpt lat="-29.858503974974155" lon="31.015602238476276">
        <ele>11.02</ele>
      </trkpt>
      <trkpt lat="-29.858468770980835" lon="31.015595197677612">
        <ele>11.79</ele>
      </trkpt>
      <trkpt lat="-29.85836148262024" lon="31.015530824661255">
        <ele>12.42</ele>
      </trkpt>
      <trkpt lat="-29.85800734721124" lon="31.015230417251587">
        <ele>13.38</ele>
      </trkpt>
      <trkpt lat="-29.857889330014586" lon="31.015069484710693">
        <ele>13.35</ele>
      </trkpt>
      <trkpt lat="-29.857889413833618" lon="31.015069484710693">
        <ele>13.03</ele>
      </trkpt>
      <trkpt lat="-29.8566728644073" lon="31.013826867565513">
        <ele>11.66</ele>
      </trkpt>
      <trkpt lat="-29.85638737678528" lon="31.013535261154175">
        <ele>10.1</ele>
      </trkpt>
      <trkpt lat="-29.856194257736206" lon="31.013299226760864">
        <ele>9.61</ele>
      </trkpt>
      <trkpt lat="-29.855904579162598" lon="31.01290225982666">
        <ele>8.33</ele>
      </trkpt>
      <trkpt lat="-29.855754375457764" lon="31.01262331008911">
        <ele>6.85</ele>
      </trkpt>
      <trkpt lat="-29.855647087097168" lon="31.01239800453186">
        <ele>5.81</ele>
      </trkpt>
      <trkpt lat="-29.85556025058031" lon="31.012156018987298">
        <ele>4.84</ele>
      </trkpt>
      <trkpt lat="-29.855496883392334" lon="31.011979579925537">
        <ele>5.99</ele>
      </trkpt>
      <trkpt lat="-29.85536813735962" lon="31.011496782302856">
        <ele>7.58</ele>
      </trkpt>
      <trkpt lat="-29.85532522201538" lon="31.01119637489319">
        <ele>8.83</ele>
      </trkpt>
      <trkpt lat="-29.855293035507202" lon="31.01090669631958">
        <ele>9.54</ele>
      </trkpt>
      <trkpt lat="-29.855282306671143" lon="31.0104238986969">
        <ele>10.57</ele>
      </trkpt>
      <trkpt lat="-29.855304853990674" lon="31.01011904887855">
        <ele>11.42</ele>
      </trkpt>
      <trkpt lat="-29.855304853990674" lon="31.010119132697582">
        <ele>12.26</ele>
      </trkpt>
      <trkpt lat="-29.85532522201538" lon="31.009844541549683">
        <ele>13.31</ele>
      </trkpt>
      <trkpt lat="-29.855411052703857" lon="31.00890040397644">
        <ele>15.43</ele>
      </trkpt>
      <trkpt lat="-29.855443239212036" lon="31.008342504501343">
        <ele>17.91</ele>
      </trkpt>
      <trkpt lat="-29.8554727435112" lon="31.007231315597892">
        <ele>20.34</ele>
      </trkpt>
      <trkpt lat="-29.8554727435112" lon="31.00723123177886">
        <ele>22.0</ele>
      </trkpt>
      <trkpt lat="-29.855475425720215" lon="31.00713014602661">
        <ele>22.44</ele>
      </trkpt>
      <trkpt lat="-29.855518341064453" lon="31.006604433059692">
        <ele>22.45</ele>
      </trkpt>
      <trkpt lat="-29.85554214566946" lon="31.006223056465387">
        <ele>25.52</ele>
      </trkpt>
      <trkpt lat="-29.85553284175694" lon="31.005761632695794">
        <ele>29.0</ele>
      </trkpt>
      <trkpt lat="-29.85550493001938" lon="31.005096277222037">
        <ele>29.91</ele>
      </trkpt>
      <trkpt lat="-29.855411890894175" lon="31.00446310825646">
        <ele>29.87</ele>
      </trkpt>
      <trkpt lat="-29.85506764613092" lon="31.003379160538316">
        <ele>32.56</ele>
      </trkpt>
      <trkpt lat="-29.854481415823102" lon="31.001694314181805">
        <ele>36.64</ele>
      </trkpt>
      <trkpt lat="-29.854081263765693" lon="31.000728467479348">
        <ele>40.07</ele>
      </trkpt>
      <trkpt lat="-29.853076357394457" lon="30.99868948571384">
        <ele>57.49</ele>
      </trkpt>
      <trkpt lat="-29.852685509249568" lon="30.99787392653525">
        <ele>62.0</ele>
      </trkpt>
      <trkpt lat="-29.851289754733443" lon="30.994520159438252">
        <ele>84.58</ele>
      </trkpt>
      <trkpt lat="-29.85101985745132" lon="30.99367232993245">
        <ele>81.08</ele>
      </trkpt>
      <trkpt lat="-29.850703524425626" lon="30.992352347820997">
        <ele>89.7</ele>
      </trkpt>
      <trkpt lat="-29.85035919584334" lon="30.990785602480173">
        <ele>103.1</ele>
      </trkpt>
      <trkpt lat="-29.84997765161097" lon="30.988907553255558">
        <ele>99.13</ele>
      </trkpt>
      <trkpt lat="-29.84970783814788" lon="30.987774319946766">
        <ele>93.89</ele>
      </trkpt>
      <trkpt lat="-29.849503068253398" lon="30.987205523997545">
        <ele>90.31</ele>
      </trkpt>
      <trkpt lat="-29.849242558702826" lon="30.98675482906401">
        <ele>86.73</ele>
      </trkpt>
      <trkpt lat="-29.849009877070785" lon="30.986454337835312">
        <ele>82.92</ele>
      </trkpt>
      <trkpt lat="-29.84870284795761" lon="30.98616457544267">
        <ele>77.89</ele>
      </trkpt>
      <trkpt lat="-29.848405038937926" lon="30.985971372574568">
        <ele>79.14</ele>
      </trkpt>
      <trkpt lat="-29.847939759492874" lon="30.985788982361555">
        <ele>78.41</ele>
      </trkpt>
      <trkpt lat="-29.847511695697904" lon="30.98564942367375">
        <ele>76.26</ele>
      </trkpt>
      <trkpt lat="-29.844803670421243" lon="30.984951881691813">
        <ele>77.07</ele>
      </trkpt>
      <trkpt lat="-29.844384910538793" lon="30.9848231356591">
        <ele>80.55</ele>
      </trkpt>
      <trkpt lat="-29.8439010232687" lon="30.984629932790995">
        <ele>85.23</ele>
      </trkpt>
      <trkpt lat="-29.84352878294885" lon="30.984393898397684">
        <ele>87.91</ele>
      </trkpt>
      <trkpt lat="-29.843147238716483" lon="30.984125593677163">
        <ele>89.01</ele>
      </trkpt>
      <trkpt lat="-29.8428494296968" lon="30.983792915940285">
        <ele>91.42</ele>
      </trkpt>
      <trkpt lat="-29.842570228502154" lon="30.983460238203406">
        <ele>97.44</ele>
      </trkpt>
      <trkpt lat="-29.84225381165743" lon="30.982988001778722">
        <ele>99.73</ele>
      </trkpt>
      <trkpt lat="-29.841946698725224" lon="30.982365561649203">
        <ele>98.66</ele>
      </trkpt>
      <trkpt lat="-29.840969620272517" lon="30.97990807145834">
        <ele>119.4</ele>
      </trkpt>
      <trkpt lat="-29.84081136994064" lon="30.979521749541163">
        <ele>119.89</ele>
      </trkpt>
      <trkpt lat="-29.840550776571035" lon="30.97906024195254">
        <ele>122.92</ele>
      </trkpt>
      <trkpt lat="-29.840346090495586" lon="30.978598818182945">
        <ele>120.71</ele>
      </trkpt>
      <trkpt lat="-29.840076193213463" lon="30.977944191545248">
        <ele>115.55</ele>
      </trkpt>
      <trkpt lat="-29.839890031144023" lon="30.977536411955953">
        <ele>112.38</ele>
      </trkpt>
      <trkpt lat="-29.839285109192133" lon="30.976355904713273">
        <ele>115.68</ele>
      </trkpt>
      <trkpt lat="-29.83857784420252" lon="30.97560471855104">
        <ele>125.07</ele>
      </trkpt>
      <trkpt lat="-29.83801944181323" lon="30.975068109109998">
        <ele>135.09</ele>
      </trkpt>
      <trkpt lat="-29.837665809318423" lon="30.97468178719282">
        <ele>138.98</ele>
      </trkpt>
      <trkpt lat="-29.837451735511422" lon="30.974381295964122">
        <ele>140.38</ele>
      </trkpt>
      <trkpt lat="-29.83723766170442" lon="30.974037889391184">
        <ele>141.37</ele>
      </trkpt>
      <trkpt lat="-29.837070191279054" lon="30.973683753982186">
        <ele>143.98</ele>
      </trkpt>
      <trkpt lat="-29.836651347577572" lon="30.97238522954285">
        <ele>150.11</ele>
      </trkpt>
      <trkpt lat="-29.836334930732846" lon="30.971634043380618">
        <ele>155.82</ele>
      </trkpt>
      <trkpt lat="-29.836092945188284" lon="30.971054518595338">
        <ele>158.24</ele>
      </trkpt>
      <trkpt lat="-29.835878871381283" lon="30.970485722646117">
        <ele>158.89</ele>
      </trkpt>
      <trkpt lat="-29.835646273568273" lon="30.970067214220762">
        <ele>162.01</ele>
      </trkpt>
      <trkpt lat="-29.835488023236394" lon="30.96984182484448">
        <ele>163.11</ele>
      </trkpt>
      <trkpt lat="-29.835273949429393" lon="30.96960579045117">
        <ele>164.04</ele>
      </trkpt>
      <trkpt lat="-29.834976140409708" lon="30.969412587583065">
        <ele>165.83</ele>
      </trkpt>
      <trkpt lat="-29.834678331390023" lon="30.96928384155035">
        <ele>165.95</ele>
      </trkpt>
      <trkpt lat="-29.8342408798635" lon="30.969155011698604">
        <ele>165.0</ele>
      </trkpt>
      <trkpt lat="-29.83282626606524" lon="30.968854520469904">
        <ele>156.09</ele>
      </trkpt>
      <trkpt lat="-29.832509765401483" lon="30.96872577443719">
        <ele>152.18</ele>
      </trkpt>
      <trkpt lat="-29.83228638768196" lon="30.968478927388787">
        <ele>147.89</ele>
      </trkpt>
      <trkpt lat="-29.832118917256594" lon="30.968167707324028">
        <ele>145.76</ele>
      </trkpt>
      <trkpt lat="-29.831541823223233" lon="30.966890640556812">
        <ele>142.0</ele>
      </trkpt>
      <trkpt lat="-29.83143017627299" lon="30.966504318639636">
        <ele>140.89</ele>
      </trkpt>
      <trkpt lat="-29.831383656710386" lon="30.966160912066698">
        <ele>139.0</ele>
      </trkpt>
      <trkpt lat="-29.831355744972825" lon="30.96581750549376">
        <ele>139.52</ele>
      </trkpt>
      <trkpt lat="-29.831327749416232" lon="30.965474098920822">
        <ele>139.1</ele>
      </trkpt>
      <trkpt lat="-29.83126262202859" lon="30.965130692347884">
        <ele>137.58</ele>
      </trkpt>
      <trkpt lat="-29.83067630790174" lon="30.96301660872996">
        <ele>127.48</ele>
      </trkpt>
      <trkpt lat="-29.830620400607586" lon="30.962737575173378">
        <ele>124.78</ele>
      </trkpt>
      <trkpt lat="-29.830583184957504" lon="30.96238343976438">
        <ele>124.0</ele>
      </trkpt>
      <trkpt lat="-29.830415714532137" lon="30.960988271981478">
        <ele>130.2</ele>
      </trkpt>
      <trkpt lat="-29.830350503325462" lon="30.96068786457181">
        <ele>135.02</ele>
      </trkpt>
      <trkpt lat="-29.830192336812615" lon="30.96011906862259">
        <ele>140.27</ele>
      </trkpt>
      <trkpt lat="-29.830034086480737" lon="30.959722017869353">
        <ele>141.2</ele>
      </trkpt>
      <trkpt lat="-29.82969897799194" lon="30.959142493084073">
        <ele>139.77</ele>
      </trkpt>
      <trkpt lat="-29.829401168972254" lon="30.958734713494778">
        <ele>134.43</ele>
      </trkpt>
      <trkpt lat="-29.829177791252732" lon="30.95834830775857">
        <ele>130.3</ele>
      </trkpt>
      <trkpt lat="-29.829028844833374" lon="30.957951257005334">
        <ele>128.86</ele>
      </trkpt>
      <trkpt lat="-29.828991629183292" lon="30.957640036940575">
        <ele>129.03</ele>
      </trkpt>
      <trkpt lat="-29.828991629183292" lon="30.95724298618734">
        <ele>131.06</ele>
      </trkpt>
      <trkpt lat="-29.829084752127528" lon="30.9568995796144">
        <ele>133.61</ele>
      </trkpt>
      <trkpt lat="-29.829205702990294" lon="30.956652732566">
        <ele>135.01</ele>
      </trkpt>
      <trkpt lat="-29.829382561147213" lon="30.956395156681538">
        <ele>136.43</ele>
      </trkpt>
      <trkpt lat="-29.829652458429337" lon="30.95609474927187">
        <ele>137.32</ele>
      </trkpt>
      <trkpt lat="-29.829754885286093" lon="30.955965919420123">
        <ele>137.59</ele>
      </trkpt>
      <trkpt lat="-29.82991305179894" lon="30.95577280037105">
        <ele>137.05</ele>
      </trkpt>
      <trkpt lat="-29.830220248550177" lon="30.95546158030629">
        <ele>136.21</ele>
      </trkpt>
      <trkpt lat="-29.83048084191978" lon="30.955128902569413">
        <ele>137.42</ele>
      </trkpt>
      <trkpt lat="-29.830592488870025" lon="30.954860597848892">
        <ele>139.81</ele>
      </trkpt>
      <trkpt lat="-29.830722827464342" lon="30.954442005604506">
        <ele>143.28</ele>
      </trkpt>
      <trkpt lat="-29.83071352355182" lon="30.95407714135945">
        <ele>144.72</ele>
      </trkpt>
      <trkpt lat="-29.8307042196393" lon="30.95372300595045">
        <ele>146.12</ele>
      </trkpt>
      <trkpt lat="-29.830592488870025" lon="30.953325955197215">
        <ele>147.97</ele>
      </trkpt>
      <trkpt lat="-29.83008060604334" lon="30.951855769380927">
        <ele>156.81</ele>
      </trkpt>
      <trkpt lat="-29.829996870830655" lon="30.95152309164405">
        <ele>158.3</ele>
      </trkpt>
      <trkpt lat="-29.82993165962398" lon="30.95117968507111">
        <ele>158.57</ele>
      </trkpt>
      <trkpt lat="-29.8298944439739" lon="30.950836278498173">
        <ele>158.7</ele>
      </trkpt>
      <trkpt lat="-29.82988514006138" lon="30.950492788106203">
        <ele>158.06</ele>
      </trkpt>
      <trkpt lat="-29.82993165962398" lon="30.950138652697206">
        <ele>158.0</ele>
      </trkpt>
      <trkpt lat="-29.829950351268053" lon="30.949859702959657">
        <ele>159.9</ele>
      </trkpt>
      <trkpt lat="-29.830238856375217" lon="30.94827141612768">
        <ele>168.61</ele>
      </trkpt>
      <trkpt lat="-29.8302760720253" lon="30.947852823883295">
        <ele>171.19</ele>
      </trkpt>
      <trkpt lat="-29.8302760720253" lon="30.947584602981806">
        <ele>173.61</ele>
      </trkpt>
      <trkpt lat="-29.830248160287738" lon="30.94718746840954">
        <ele>175.83</ele>
      </trkpt>
      <trkpt lat="-29.830210944637656" lon="30.94681187532842">
        <ele>176.28</ele>
      </trkpt>
      <trkpt lat="-29.83014573343098" lon="30.946468468755484">
        <ele>173.46</ele>
      </trkpt>
      <trkpt lat="-29.830034086480737" lon="30.94603923149407">
        <ele>172.37</ele>
      </trkpt>
      <trkpt lat="-29.829941047355533" lon="30.945545537397265">
        <ele>175.93</ele>
      </trkpt>
      <trkpt lat="-29.82990374788642" lon="30.945288045331836">
        <ele>176.4</ele>
      </trkpt>
      <trkpt lat="-29.82988514006138" lon="30.944912368431687">
        <ele>176.24</ele>
      </trkpt>
      <trkpt lat="-29.82993165962398" lon="30.9445905033499">
        <ele>176.42</ele>
      </trkpt>
      <trkpt lat="-29.829996870830655" lon="30.94424701295793">
        <ele>178.47</ele>
      </trkpt>
      <trkpt lat="-29.83008990995586" lon="30.94400024972856">
        <ele>179.93</ele>
      </trkpt>
      <trkpt lat="-29.830210944637656" lon="30.943635385483503">
        <ele>179.21</ele>
      </trkpt>
      <trkpt lat="-29.831002028658986" lon="30.942143658176064">
        <ele>183.82</ele>
      </trkpt>
      <trkpt lat="-29.831206798553467" lon="30.941768065094948">
        <ele>187.1</ele>
      </trkpt>
      <trkpt lat="-29.83206309378147" lon="30.940587557852268">
        <ele>202.2</ele>
      </trkpt>
      <trkpt lat="-29.833058947697282" lon="30.939171016216278">
        <ele>213.75</ele>
      </trkpt>
      <trkpt lat="-29.833198506385088" lon="30.938924169167876">
        <ele>216.51</ele>
      </trkpt>
      <trkpt lat="-29.833338148891926" lon="30.938677405938506">
        <ele>217.86</ele>
      </trkpt>
      <trkpt lat="-29.83344049192965" lon="30.938430558890104">
        <ele>219.05</ele>
      </trkpt>
      <trkpt lat="-29.833533531054854" lon="30.93821589834988">
        <ele>220.03</ele>
      </trkpt>
      <trkpt lat="-29.83361735008657" lon="30.93797978013754">
        <ele>221.37</ele>
      </trkpt>
      <trkpt lat="-29.833682477474213" lon="30.93774374574423">
        <ele>222.42</ele>
      </trkpt>
      <trkpt lat="-29.833728997036815" lon="30.937518356367946">
        <ele>221.8</ele>
      </trkpt>
      <trkpt lat="-29.833766212686896" lon="30.937239322811365">
        <ele>218.89</ele>
      </trkpt>
      <trkpt lat="-29.833747604861856" lon="30.936906645074487">
        <ele>217.79</ele>
      </trkpt>
      <trkpt lat="-29.833728997036815" lon="30.936638340353966">
        <ele>217.72</ele>
      </trkpt>
      <trkpt lat="-29.83363595791161" lon="30.936155458912253">
        <ele>219.73</ele>
      </trkpt>
      <trkpt lat="-29.832779662683606" lon="30.93332229182124">
        <ele>221.34</ele>
      </trkpt>
      <trkpt lat="-29.83246324583888" lon="30.932091660797596">
        <ele>225.9</ele>
      </trkpt>
      <trkpt lat="-29.832407422363758" lon="30.931812711060047">
        <ele>226.33</ele>
      </trkpt>
      <trkpt lat="-29.832332991063595" lon="30.93107216991484">
        <ele>226.49</ele>
      </trkpt>
      <trkpt lat="-29.831746593117714" lon="30.926124919205904">
        <ele>253.37</ele>
      </trkpt>
      <trkpt lat="-29.831755897030234" lon="30.925760054960847">
        <ele>254.0</ele>
      </trkpt>
      <trkpt lat="-29.831774504855275" lon="30.92540591955185">
        <ele>253.94</ele>
      </trkpt>
      <trkpt lat="-29.83183041214943" lon="30.925051784142852">
        <ele>253.49</ele>
      </trkpt>
      <trkpt lat="-29.83188623562455" lon="30.924686919897795">
        <ele>256.03</ele>
      </trkpt>
      <trkpt lat="-29.832016490399837" lon="30.924311326816678">
        <ele>262.39</ele>
      </trkpt>
      <trkpt lat="-29.833552222698927" lon="30.92134941369295">
        <ele>283.32</ele>
      </trkpt>
      <trkpt lat="-29.834101321175694" lon="30.9202762786299">
        <ele>283.14</ele>
      </trkpt>
      <trkpt lat="-29.834306007251143" lon="30.919814771041274">
        <ele>279.82</ele>
      </trkpt>
      <trkpt lat="-29.83442704193294" lon="30.919482093304396">
        <ele>278.68</ele>
      </trkpt>
      <trkpt lat="-29.834482865408063" lon="30.919245975092053">
        <ele>279.0</ele>
      </trkpt>
      <trkpt lat="-29.834529384970665" lon="30.918891839683056">
        <ele>279.02</ele>
      </trkpt>
      <trkpt lat="-29.834547992795706" lon="30.9184733312577">
        <ele>278.0</ele>
      </trkpt>
      <trkpt lat="-29.83441773802042" lon="30.916015841066837">
        <ele>260.62</ele>
      </trkpt>
      <trkpt lat="-29.834268791601062" lon="30.913004893809557">
        <ele>276.98</ele>
      </trkpt>
      <trkpt lat="-29.834278095513582" lon="30.91259711422026">
        <ele>279.59</ele>
      </trkpt>
      <trkpt lat="-29.834371218457818" lon="30.912199979647994">
        <ele>277.89</ele>
      </trkpt>
      <trkpt lat="-29.8344549536705" lon="30.911888759583235">
        <ele>277.4</ele>
      </trkpt>
      <trkpt lat="-29.8345759883523" lon="30.911577539518476">
        <ele>278.28</ele>
      </trkpt>
      <trkpt lat="-29.834780674427748" lon="30.9111912176013">
        <ele>278.38</ele>
      </trkpt>
      <trkpt lat="-29.834929620847106" lon="30.91084781102836">
        <ele>279.11</ele>
      </trkpt>
      <trkpt lat="-29.835534542798996" lon="30.909581473097205">
        <ele>279.94</ele>
      </trkpt>
      <trkpt lat="-29.835646273568273" lon="30.909259524196386">
        <ele>278.81</ele>
      </trkpt>
      <trkpt lat="-29.835720704868436" lon="30.908948304131627">
        <ele>277.64</ele>
      </trkpt>
      <trkpt lat="-29.83580444008112" lon="30.908508338034153">
        <ele>278.33</ele>
      </trkpt>
      <trkpt lat="-29.835860263556242" lon="30.908100558444858">
        <ele>281.73</ele>
      </trkpt>
      <trkpt lat="-29.835953386500478" lon="30.90744593180716">
        <ele>285.31</ele>
      </trkpt>
      <trkpt lat="-29.8360092099756" lon="30.906802034005523">
        <ele>284.37</ele>
      </trkpt>
      <trkpt lat="-29.83603712171316" lon="30.906179593876004">
        <ele>281.79</ele>
      </trkpt>
      <trkpt lat="-29.83603712171316" lon="30.90542840771377">
        <ele>277.0</ele>
      </trkpt>
      <trkpt lat="-29.8360092099756" lon="30.904666408896446">
        <ele>273.18</ele>
      </trkpt>
      <trkpt lat="-29.835962690412998" lon="30.903335697948933">
        <ele>280.39</ele>
      </trkpt>
      <trkpt lat="-29.835944082587957" lon="30.902487952262163">
        <ele>277.92</ele>
      </trkpt>
      <trkpt lat="-29.835925474762917" lon="30.901876240968704">
        <ele>279.95</ele>
      </trkpt>
      <trkpt lat="-29.835916170850396" lon="30.901489919051528">
        <ele>283.07</ele>
      </trkpt>
      <trkpt lat="-29.835897479206324" lon="30.9010820556432">
        <ele>282.7</ele>
      </trkpt>
      <trkpt lat="-29.8358416557312" lon="30.900652818381786">
        <ele>281.35</ele>
      </trkpt>
      <trkpt lat="-29.835748616605997" lon="30.900223581120372">
        <ele>282.71</ele>
      </trkpt>
      <trkpt lat="-29.8356275819242" lon="30.899912361055613">
        <ele>283.5</ele>
      </trkpt>
      <trkpt lat="-29.83537637628615" lon="30.899504581466317">
        <ele>284.83</ele>
      </trkpt>
      <trkpt lat="-29.835143694654107" lon="30.899228984490037">
        <ele>286.62</ele>
      </trkpt>
      <trkpt lat="-29.83481789007783" lon="30.898928493261337">
        <ele>293.22</ele>
      </trkpt>
      <trkpt lat="-29.834473561495543" lon="30.898724561557174">
        <ele>296.7</ele>
      </trkpt>
      <trkpt lat="-29.834082713350654" lon="30.89856362901628">
        <ele>299.42</ele>
      </trkpt>
      <trkpt lat="-29.833682477474213" lon="30.898477798327804">
        <ele>301.76</ele>
      </trkpt>
      <trkpt lat="-29.83320781029761" lon="30.898391883820295">
        <ele>305.79</ele>
      </trkpt>
      <trkpt lat="-29.832695927470922" lon="30.89831678196788">
        <ele>307.79</ele>
      </trkpt>
      <trkpt lat="-29.83203509822488" lon="30.898177307099104">
        <ele>305.93</ele>
      </trkpt>
      <trkpt lat="-29.831513911485672" lon="30.89800556190312">
        <ele>305.61</ele>
      </trkpt>
      <trkpt lat="-29.831020636484027" lon="30.897737257182598">
        <ele>310.31</ele>
      </trkpt>
      <trkpt lat="-29.830536665394902" lon="30.897447494789958">
        <ele>314.78</ele>
      </trkpt>
      <trkpt lat="-29.830192336812615" lon="30.89711481705308">
        <ele>320.05</ele>
      </trkpt>
      <trkpt lat="-29.829941047355533" lon="30.896760681644082">
        <ele>320.54</ele>
      </trkpt>
      <trkpt lat="-29.82872173190117" lon="30.89514020830393">
        <ele>340.71</ele>
      </trkpt>
      <trkpt lat="-29.82855417765677" lon="30.894841644912958">
        <ele>342.39</ele>
      </trkpt>
      <trkpt lat="-29.82844714075327" lon="30.89448742568493">
        <ele>345.71</ele>
      </trkpt>
      <trkpt lat="-29.82834940776229" lon="30.89415474794805">
        <ele>348.49</ele>
      </trkpt>
      <trkpt lat="-29.82826097868383" lon="30.893720146268606">
        <ele>350.4</ele>
      </trkpt>
      <trkpt lat="-29.828186547383666" lon="30.893199713900685">
        <ele>348.83</ele>
      </trkpt>
      <trkpt lat="-29.828098118305206" lon="30.892620189115405">
        <ele>351.4</ele>
      </trkpt>
      <trkpt lat="-29.827953865751624" lon="30.891992384567857">
        <ele>358.46</ele>
      </trkpt>
      <trkpt lat="-29.827907346189022" lon="30.89165434241295">
        <ele>358.3</ele>
      </trkpt>
      <trkpt lat="-29.82787943445146" lon="30.891203563660383">
        <ele>359.86</ele>
      </trkpt>
      <trkpt lat="-29.827874740585685" lon="30.890860157087445">
        <ele>361.77</ele>
      </trkpt>
      <trkpt lat="-29.827925954014063" lon="30.890516750514507">
        <ele>364.67</ele>
      </trkpt>
      <trkpt lat="-29.828009689226747" lon="30.890071419999003">
        <ele>368.62</ele>
      </trkpt>
      <trkpt lat="-29.82814463786781" lon="30.889384606853127">
        <ele>372.62</ele>
      </trkpt>
      <trkpt lat="-29.828233066946268" lon="30.888976827263832">
        <ele>373.42</ele>
      </trkpt>
      <trkpt lat="-29.828312192112207" lon="30.888788988813758">
        <ele>374.56</ele>
      </trkpt>
      <trkpt lat="-29.828414618968964" lon="30.888660242781043">
        <ele>374.09</ele>
      </trkpt>
      <trkpt lat="-29.82852626591921" lon="30.88847240433097">
        <ele>374.71</ele>
      </trkpt>
      <trkpt lat="-29.828968411311507" lon="30.88785532861948">
        <ele>377.12</ele>
      </trkpt>
      <trkpt lat="-29.82901493087411" lon="30.887715853750706">
        <ele>375.87</ele>
      </trkpt>
      <trkpt lat="-29.829038232564926" lon="30.88752801530063">
        <ele>375.19</ele>
      </trkpt>
      <trkpt lat="-29.829019540920854" lon="30.88729734532535">
        <ele>376.69</ele>
      </trkpt>
      <trkpt lat="-29.82901493087411" lon="30.887125600129366">
        <ele>378.09</ele>
      </trkpt>
      <trkpt lat="-29.82900562696159" lon="30.886959303170443">
        <ele>380.17</ele>
      </trkpt>
      <trkpt lat="-29.82902423478663" lon="30.886776829138398">
        <ele>381.54</ele>
      </trkpt>
      <trkpt lat="-29.829056840389967" lon="30.886648083105683">
        <ele>381.42</ele>
      </trkpt>
      <trkpt lat="-29.82910335995257" lon="30.88639587163925">
        <ele>381.01</ele>
      </trkpt>
      <trkpt lat="-29.82913127169013" lon="30.88613293133676">
        <ele>377.65</ele>
      </trkpt>
      <trkpt lat="-29.82913127169013" lon="30.88589144870639">
        <ele>374.57</ele>
      </trkpt>
      <trkpt lat="-29.829098666086793" lon="30.885703694075346">
        <ele>373.6</ele>
      </trkpt>
      <trkpt lat="-29.829038232564926" lon="30.88555340655148">
        <ele>372.37</ele>
      </trkpt>
      <trkpt lat="-29.82893580570817" lon="30.885435389354825">
        <ele>371.75</ele>
      </trkpt>
      <trkpt lat="-29.828814854845405" lon="30.885360287502408">
        <ele>371.08</ele>
      </trkpt>
      <trkpt lat="-29.828665908426046" lon="30.88530664332211">
        <ele>369.38</ele>
      </trkpt>
      <trkpt lat="-29.828479746356606" lon="30.88529583066702">
        <ele>366.27</ele>
      </trkpt>
      <trkpt lat="-29.828288974240422" lon="30.88530127890408">
        <ele>364.22</ele>
      </trkpt>
      <trkpt lat="-29.82794925570488" lon="30.885376380756497">
        <ele>366.46</ele>
      </trkpt>
      <trkpt lat="-29.827572237700224" lon="30.885472940281034">
        <ele>367.13</ele>
      </trkpt>
      <trkpt lat="-29.827441982924938" lon="30.885515855625272">
        <ele>365.55</ele>
      </trkpt>
      <trkpt lat="-29.82726512476802" lon="30.885612415149808">
        <ele>364.34</ele>
      </trkpt>
      <trkpt lat="-29.826771849766374" lon="30.885945092886686">
        <ele>359.56</ele>
      </trkpt>
      <trkpt lat="-29.8266461212188" lon="30.886025642976165">
        <ele>359.14</ele>
      </trkpt>
      <trkpt lat="-29.826534474268556" lon="30.886100744828582">
        <ele>359.02</ele>
      </trkpt>
      <trkpt lat="-29.826394831761718" lon="30.88615438900888">
        <ele>359.38</ele>
      </trkpt>
      <trkpt lat="-29.82624596916139" lon="30.886197304353118">
        <ele>360.47</ele>
      </trkpt>
      <trkpt lat="-29.826092328876257" lon="30.88618657551706">
        <ele>360.75</ele>
      </trkpt>
      <trkpt lat="-29.825901556760073" lon="30.88615975342691">
        <ele>361.55</ele>
      </trkpt>
      <trkpt lat="-29.825706090778112" lon="30.886100744828582">
        <ele>361.55</ele>
      </trkpt>
      <trkpt lat="-29.825566448271275" lon="30.886014914140105">
        <ele>359.8</ele>
      </trkpt>
      <trkpt lat="-29.825422195717692" lon="30.88589144870639">
        <ele>356.65</ele>
      </trkpt>
      <trkpt lat="-29.825310464948416" lon="30.885762702673674">
        <ele>352.77</ele>
      </trkpt>
      <trkpt lat="-29.825226729735732" lon="30.885623143985868">
        <ele>349.2</ele>
      </trkpt>
      <trkpt lat="-29.824812579900026" lon="30.88496315293014">
        <ele>342.41</ele>
      </trkpt>
      <trkpt lat="-29.82471015304327" lon="30.884850500151515">
        <ele>341.93</ele>
      </trkpt>
      <trkpt lat="-29.824570510536432" lon="30.88468956761062">
        <ele>340.72</ele>
      </trkpt>
      <trkpt lat="-29.82398411259055" lon="30.884061763063073">
        <ele>331.69</ele>
      </trkpt>
      <trkpt lat="-29.82376073487103" lon="30.88380418717861">
        <ele>328.71</ele>
      </trkpt>
      <trkpt lat="-29.823621092364192" lon="30.88358952663839">
        <ele>326.5</ele>
      </trkpt>
      <trkpt lat="-29.82340701855719" lon="30.88326221331954">
        <ele>323.88</ele>
      </trkpt>
      <trkpt lat="-29.82272288762033" lon="30.882226629182696">
        <ele>326.57</ele>
      </trkpt>
      <trkpt lat="-29.82251811772585" lon="30.882028145715594">
        <ele>328.24</ele>
      </trkpt>
      <trkpt lat="-29.822308737784624" lon="30.881770569831133">
        <ele>330.97</ele>
      </trkpt>
      <trkpt lat="-29.82206666842103" lon="30.881457338109612">
        <ele>329.98</ele>
      </trkpt>
      <trkpt lat="-29.82180138118565" lon="30.881113931536674">
        <ele>326.79</ele>
      </trkpt>
      <trkpt lat="-29.821573393419385" lon="30.88066851720214">
        <ele>323.71</ele>
      </trkpt>
      <trkpt lat="-29.821447748690844" lon="30.88040029630065">
        <ele>321.1</ele>
      </trkpt>
      <trkpt lat="-29.821261586621404" lon="30.879992432892323">
        <ele>321.55</ele>
      </trkpt>
      <trkpt lat="-29.82089387252927" lon="30.879021221771836">
        <ele>322.9</ele>
      </trkpt>
      <trkpt lat="-29.82066580094397" lon="30.878280764445662">
        <ele>319.58</ele>
      </trkpt>
      <trkpt lat="-29.82044242322445" lon="30.877438383176923">
        <ele>324.59</ele>
      </trkpt>
      <trkpt lat="-29.819818809628487" lon="30.875476012006402">
        <ele>334.29</ele>
      </trkpt>
      <trkpt lat="-29.819348668679595" lon="30.8740755636245">
        <ele>332.7</ele>
      </trkpt>
      <trkpt lat="-29.818515591323376" lon="30.871430821716785">
        <ele>340.66</ele>
      </trkpt>
      <trkpt lat="-29.817812852561474" lon="30.869488399475813">
        <ele>339.78</ele>
      </trkpt>
      <trkpt lat="-29.817426530644298" lon="30.868335803970695">
        <ele>338.41</ele>
      </trkpt>
      <trkpt lat="-29.817175157368183" lon="30.867547066882253">
        <ele>339.71</ele>
      </trkpt>
      <trkpt lat="-29.816779615357518" lon="30.866388017311692">
        <ele>338.45</ele>
      </trkpt>
      <trkpt lat="-29.816397903487086" lon="30.865229051560163">
        <ele>346.51</ele>
      </trkpt>
      <trkpt lat="-29.815774289891124" lon="30.863249078392982">
        <ele>354.6</ele>
      </trkpt>
      <trkpt lat="-29.81551361270249" lon="30.862583722919226">
        <ele>356.66</ele>
      </trkpt>
      <trkpt lat="-29.815360056236386" lon="30.86210612207651">
        <ele>356.98</ele>
      </trkpt>
      <trkpt lat="-29.81519711203873" lon="30.861419308930635">
        <ele>352.49</ele>
      </trkpt>
      <trkpt lat="-29.815006256103516" lon="30.86074858903885">
        <ele>348.7</ele>
      </trkpt>
      <trkpt lat="-29.81479687616229" lon="30.86016906425357">
        <ele>346.9</ele>
      </trkpt>
      <trkpt lat="-29.814429162070155" lon="30.85904764942825">
        <ele>347.83</ele>
      </trkpt>
      <trkpt lat="-29.81408005580306" lon="30.858065709471703">
        <ele>352.32</ele>
      </trkpt>
      <trkpt lat="-29.81322828680277" lon="30.855296915397048">
        <ele>351.61</ele>
      </trkpt>
      <trkpt lat="-29.81290248222649" lon="30.854186229407787">
        <ele>354.25</ele>
      </trkpt>
      <trkpt lat="-29.812655802816153" lon="30.853402856737375">
        <ele>358.19</ele>
      </trkpt>
      <trkpt lat="-29.812264870852232" lon="30.85215797647834">
        <ele>356.58</ele>
      </trkpt>
      <trkpt lat="-29.812046103179455" lon="30.851637460291386">
        <ele>360.34</ele>
      </trkpt>
      <trkpt lat="-29.8118831589818" lon="30.85125650279224">
        <ele>360.53</ele>
      </trkpt>
      <trkpt lat="-29.811673695221543" lon="30.8509667403996">
        <ele>360.12</ele>
      </trkpt>
      <trkpt lat="-29.81151083484292" lon="30.850703800097108">
        <ele>359.05</ele>
      </trkpt>
      <trkpt lat="-29.811371192336082" lon="30.85034430027008">
        <ele>358.63</ele>
      </trkpt>
      <trkpt lat="-29.811296677216887" lon="30.8501136302948">
        <ele>358.34</ele>
      </trkpt>
      <trkpt lat="-29.811194334179163" lon="30.849952613934875">
        <ele>357.98</ele>
      </trkpt>
      <trkpt lat="-29.81098948046565" lon="30.84981850348413">
        <ele>357.74</ele>
      </trkpt>
      <trkpt lat="-29.810710195451975" lon="30.849764859303832">
        <ele>361.76</ele>
      </trkpt>
      <trkpt lat="-29.810458905994892" lon="30.84978095255792">
        <ele>365.21</ele>
      </trkpt>
      <trkpt lat="-29.81019353494048" lon="30.84981850348413">
        <ele>368.22</ele>
      </trkpt>
      <trkpt lat="-29.809895642101765" lon="30.849872147664428">
        <ele>366.94</ele>
      </trkpt>
      <trkpt lat="-29.809574531391263" lon="30.850000893697143">
        <ele>369.36</ele>
      </trkpt>
      <trkpt lat="-29.809318464249372" lon="30.85012972354889">
        <ele>375.22</ele>
      </trkpt>
      <trkpt lat="-29.80909508652985" lon="30.850285291671753">
        <ele>378.58</ele>
      </trkpt>
      <trkpt lat="-29.808876318857074" lon="30.850494587793946">
        <ele>379.41</ele>
      </trkpt>
      <trkpt lat="-29.808750674128532" lon="30.85065552033484">
        <ele>378.6</ele>
      </trkpt>
      <trkpt lat="-29.808550514280796" lon="30.85092382505536">
        <ele>382.23</ele>
      </trkpt>
      <trkpt lat="-29.80837826617062" lon="30.85122968070209">
        <ele>384.37</ele>
      </trkpt>
      <trkpt lat="-29.808196714147925" lon="30.851680375635624">
        <ele>385.9</ele>
      </trkpt>
      <trkpt lat="-29.808057071641088" lon="30.852013053372502">
        <ele>386.13</ele>
      </trkpt>
      <trkpt lat="-29.807912819087505" lon="30.852238442748785">
        <ele>387.56</ele>
      </trkpt>
      <trkpt lat="-29.80775917880237" lon="30.85244237445295">
        <ele>387.86</ele>
      </trkpt>
      <trkpt lat="-29.80760562233627" lon="30.852571120485663">
        <ele>388.09</ele>
      </trkpt>
      <trkpt lat="-29.807442678138614" lon="30.85269995033741">
        <ele>388.95</ele>
      </trkpt>
      <trkpt lat="-29.80722852051258" lon="30.852807238698006">
        <ele>390.87</ele>
      </trkpt>
      <trkpt lat="-29.80701444670558" lon="30.852893069386482">
        <ele>392.91</ele>
      </trkpt>
      <trkpt lat="-29.806721163913608" lon="30.85290916264057">
        <ele>395.73</ele>
      </trkpt>
      <trkpt lat="-29.80645587667823" lon="30.852866247296333">
        <ele>398.17</ele>
      </trkpt>
      <trkpt lat="-29.806232415139675" lon="30.852801874279976">
        <ele>399.32</ele>
      </trkpt>
      <trkpt lat="-29.80602295137942" lon="30.85272677242756">
        <ele>399.89</ele>
      </trkpt>
      <trkpt lat="-29.80577627196908" lon="30.852597942575812">
        <ele>400.48</ele>
      </trkpt>
      <trkpt lat="-29.804435670375824" lon="30.851954044774175">
        <ele>403.28</ele>
      </trkpt>
      <trkpt lat="-29.80300663970411" lon="30.8512672316283">
        <ele>413.19</ele>
      </trkpt>
      <trkpt lat="-29.80259232223034" lon="30.851078554987907">
        <ele>411.9</ele>
      </trkpt>
      <trkpt lat="-29.802359556779265" lon="30.85098199546337">
        <ele>414.06</ele>
      </trkpt>
      <trkpt lat="-29.802154786884785" lon="30.850917622447014">
        <ele>417.77</ele>
      </trkpt>
      <trkpt lat="-29.801908023655415" lon="30.850896164774895">
        <ele>421.85</ele>
      </trkpt>
      <trkpt lat="-29.80174516327679" lon="30.850896164774895">
        <ele>424.28</ele>
      </trkpt>
      <trkpt lat="-29.8015496134758" lon="30.850906893610954">
        <ele>425.61</ele>
      </trkpt>
      <trkpt lat="-29.80100034736097" lon="30.850928351283073">
        <ele>432.52</ele>
      </trkpt>
      <trkpt lat="-29.800809491425753" lon="30.850928351283073">
        <ele>435.95</ele>
      </trkpt>
      <trkpt lat="-29.800632633268833" lon="30.850896164774895">
        <ele>439.37</ele>
      </trkpt>
      <trkpt lat="-29.800451081246138" lon="30.850842436775565">
        <ele>439.95</ele>
      </trkpt>
      <trkpt lat="-29.800246227532625" lon="30.85076197050512">
        <ele>440.4</ele>
      </trkpt>
      <trkpt lat="-29.79987851344049" lon="30.850595673546195">
        <ele>439.61</ele>
      </trkpt>
      <trkpt lat="-29.799692267552018" lon="30.850461814552546">
        <ele>439.68</ele>
      </trkpt>
      <trkpt lat="-29.799468806013465" lon="30.850236425176263">
        <ele>444.29</ele>
      </trkpt>
      <trkpt lat="-29.79928725399077" lon="30.85004322230816">
        <ele>444.67</ele>
      </trkpt>
      <trkpt lat="-29.79912900365889" lon="30.849785646423697">
        <ele>448.75</ele>
      </trkpt>
      <trkpt lat="-29.798928843811154" lon="30.84947451017797">
        <ele>452.05</ele>
      </trkpt>
      <trkpt lat="-29.798723990097642" lon="30.84920620545745">
        <ele>458.52</ele>
      </trkpt>
      <trkpt lat="-29.798593651503325" lon="30.849034460261464">
        <ele>466.54</ele>
      </trkpt>
      <trkpt lat="-29.798463312909007" lon="30.84891644306481">
        <ele>467.93</ele>
      </trkpt>
      <trkpt lat="-29.798309672623873" lon="30.848841341212392">
        <ele>467.42</ele>
      </trkpt>
      <trkpt lat="-29.798132814466953" lon="30.848782248795033">
        <ele>464.57</ele>
      </trkpt>
      <trkpt lat="-29.797914046794176" lon="30.848776884377003">
        <ele>462.28</ele>
      </trkpt>
      <trkpt lat="-29.797727800905704" lon="30.848809154704213">
        <ele>462.02</ele>
      </trkpt>
      <trkpt lat="-29.797532334923744" lon="30.848835976794362">
        <ele>463.24</ele>
      </trkpt>
      <trkpt lat="-29.797322787344456" lon="30.84891644306481">
        <ele>466.05</ele>
      </trkpt>
      <trkpt lat="-29.79713193140924" lon="30.849039824679494">
        <ele>467.47</ele>
      </trkpt>
      <trkpt lat="-29.796992288902402" lon="30.84919547662139">
        <ele>468.36</ele>
      </trkpt>
      <trkpt lat="-29.796852646395564" lon="30.84940468892455">
        <ele>469.35</ele>
      </trkpt>
      <trkpt lat="-29.796480238437653" lon="30.85001640021801">
        <ele>473.25</ele>
      </trkpt>
      <trkpt lat="-29.79634520597756" lon="30.850129136815667">
        <ele>475.82</ele>
      </trkpt>
      <trkpt lat="-29.7961962595582" lon="30.85027397610247">
        <ele>478.01</ele>
      </trkpt>
      <trkpt lat="-29.795935582369566" lon="30.850418815389276">
        <ele>480.84</ele>
      </trkpt>
      <trkpt lat="-29.795767944306135" lon="30.850456450134516">
        <ele>481.24</ele>
      </trkpt>
      <trkpt lat="-29.795563174411654" lon="30.850494001060724">
        <ele>480.5</ele>
      </trkpt>
      <trkpt lat="-29.79537231847644" lon="30.850461814552546">
        <ele>481.25</ele>
      </trkpt>
      <trkpt lat="-29.795186072587967" lon="30.850397357717156">
        <ele>482.15</ele>
      </trkpt>
      <trkpt lat="-29.794795056805015" lon="30.850209603086114">
        <ele>483.69</ele>
      </trkpt>
      <trkpt lat="-29.794180495664477" lon="30.849817916750908">
        <ele>489.05</ele>
      </trkpt>
      <trkpt lat="-29.7940222453326" lon="30.849662264809012">
        <ele>490.51</ele>
      </trkpt>
      <trkpt lat="-29.793849997222424" lon="30.8494315110147">
        <ele>495.29</ele>
      </trkpt>
      <trkpt lat="-29.793728962540627" lon="30.849249120801687">
        <ele>498.65</ele>
      </trkpt>
      <trkpt lat="-29.793403074145317" lon="30.8485784009099">
        <ele>499.73</ele>
      </trkpt>
      <trkpt lat="-29.792755991220474" lon="30.846869749948382">
        <ele>513.6</ele>
      </trkpt>
      <trkpt lat="-29.792741993442178" lon="30.846742680296302">
        <ele>514.96</ele>
      </trkpt>
      <trkpt lat="-29.792737383395433" lon="30.846603205427527">
        <ele>515.41</ele>
      </trkpt>
      <trkpt lat="-29.792723385617137" lon="30.846420731395483">
        <ele>517.22</ele>
      </trkpt>
      <trkpt lat="-29.792723385617137" lon="30.846109511330724">
        <ele>521.42</ele>
      </trkpt>
      <trkpt lat="-29.792746687307954" lon="30.845803655683994">
        <ele>525.9</ele>
      </trkpt>
      <trkpt lat="-29.792802510783076" lon="30.845556808635592">
        <ele>527.2</ele>
      </trkpt>
      <trkpt lat="-29.792863028123975" lon="30.845310045406222">
        <ele>527.24</ele>
      </trkpt>
      <trkpt lat="-29.79300736449659" lon="30.844945181161165">
        <ele>528.52</ele>
      </trkpt>
      <trkpt lat="-29.793412378057837" lon="30.844252919778228">
        <ele>531.97</ele>
      </trkpt>
      <trkpt lat="-29.793691746890545" lon="30.843786131590605">
        <ele>535.98</ele>
      </trkpt>
      <trkpt lat="-29.793929122388363" lon="30.84339980967343">
        <ele>537.91</ele>
      </trkpt>
      <trkpt lat="-29.794036243110895" lon="30.843201242387295">
        <ele>539.16</ele>
      </trkpt>
      <trkpt lat="-29.79444586671889" lon="30.842004725709558">
        <ele>542.87</ele>
      </trkpt>
      <trkpt lat="-29.79469262994826" lon="30.84133400581777">
        <ele>543.73</ele>
      </trkpt>
      <trkpt lat="-29.794902093708515" lon="30.840711565688252">
        <ele>543.5</ele>
      </trkpt>
      <trkpt lat="-29.795023128390312" lon="30.84020714275539">
        <ele>540.98</ele>
      </trkpt>
      <trkpt lat="-29.79508364573121" lon="30.83985300734639">
        <ele>543.61</ele>
      </trkpt>
      <trkpt lat="-29.795111557468772" lon="30.839461321011186">
        <ele>545.21</ele>
      </trkpt>
      <trkpt lat="-29.79512555524707" lon="30.838999897241592">
        <ele>544.21</ele>
      </trkpt>
      <trkpt lat="-29.795120861381292" lon="30.83866596221924">
        <ele>544.14</ele>
      </trkpt>
      <trkpt lat="-29.79507434181869" lon="30.838268911466002">
        <ele>547.11</ele>
      </trkpt>
      <trkpt lat="-29.79496730491519" lon="30.837667929008603">
        <ele>547.41</ele>
      </trkpt>
      <trkpt lat="-29.794855574145913" lon="30.837045488879085">
        <ele>546.81</ele>
      </trkpt>
      <trkpt lat="-29.79473914951086" lon="30.836428413167596">
        <ele>548.42</ele>
      </trkpt>
      <trkpt lat="-29.794594813138247" lon="30.83574160002172">
        <ele>549.5</ele>
      </trkpt>
      <trkpt lat="-29.794096760451794" lon="30.834426982328296">
        <ele>550.09</ele>
      </trkpt>
      <trkpt lat="-29.793822085484862" lon="30.83374016918242">
        <ele>549.86</ele>
      </trkpt>
      <trkpt lat="-29.793491503223777" lon="30.833294838666916">
        <ele>548.42</ele>
      </trkpt>
      <trkpt lat="-29.793328559026122" lon="30.833010440692306">
        <ele>548.81</ele>
      </trkpt>
      <trkpt lat="-29.793091183528304" lon="30.83265094086528">
        <ele>549.37</ele>
      </trkpt>
      <trkpt lat="-29.79296545498073" lon="30.832484560087323">
        <ele>548.84</ele>
      </trkpt>
      <trkpt lat="-29.79277929291129" lon="30.832371907308698">
        <ele>549.2</ele>
      </trkpt>
      <trkpt lat="-29.79262095876038" lon="30.83234508521855">
        <ele>549.11</ele>
      </trkpt>
      <trkpt lat="-29.79158747009933" lon="30.83252211101353">
        <ele>550.0</ele>
      </trkpt>
      <trkpt lat="-29.791354704648256" lon="30.83260266110301">
        <ele>550.03</ele>
      </trkpt>
      <trkpt lat="-29.791159154847264" lon="30.83263484761119">
        <ele>550.15</ele>
      </trkpt>
      <trkpt lat="-29.791028816252947" lon="30.83258111961186">
        <ele>550.58</ele>
      </trkpt>
      <trkpt lat="-29.790949691087008" lon="30.832484560087323">
        <ele>551.13</ele>
      </trkpt>
      <trkpt lat="-29.7907308395952" lon="30.832114331424236">
        <ele>553.35</ele>
      </trkpt>
      <trkpt lat="-29.790498074144125" lon="30.831491891294718">
        <ele>552.48</ele>
      </trkpt>
      <trkpt lat="-29.79042355902493" lon="30.831250408664346">
        <ele>553.23</ele>
      </trkpt>
      <trkpt lat="-29.79041425511241" lon="30.830992916598916">
        <ele>553.95</ele>
      </trkpt>
      <trkpt lat="-29.790367735549808" lon="30.83058505319059">
        <ele>556.08</ele>
      </trkpt>
      <trkpt lat="-29.790321215987206" lon="30.82903607748449">
        <ele>554.46</ele>
      </trkpt>
      <trkpt lat="-29.790321215987206" lon="30.828633662313223">
        <ele>552.04</ele>
      </trkpt>
      <trkpt lat="-29.79034443385899" lon="30.828338535502553">
        <ele>550.5</ele>
      </trkpt>
      <trkpt lat="-29.790391037240624" lon="30.828054137527943">
        <ele>551.09</ele>
      </trkpt>
      <trkpt lat="-29.790451554581523" lon="30.827726824209094">
        <ele>551.84</ele>
      </trkpt>
      <trkpt lat="-29.79064241051674" lon="30.827082926407456">
        <ele>555.41</ele>
      </trkpt>
      <trkpt lat="-29.790814658626914" lon="30.826589232310653">
        <ele>552.5</ele>
      </trkpt>
      <trkpt lat="-29.791052117943764" lon="30.825913148000836">
        <ele>552.03</ele>
      </trkpt>
      <trkpt lat="-29.791433829814196" lon="30.824534157291055">
        <ele>557.13</ele>
      </trkpt>
      <trkpt lat="-29.792094910517335" lon="30.82236098125577">
        <ele>560.57</ele>
      </trkpt>
      <trkpt lat="-29.792290460318327" lon="30.821751449257135">
        <ele>563.04</ele>
      </trkpt>
      <trkpt lat="-29.792411495000124" lon="30.82126848399639">
        <ele>561.85</ele>
      </trkpt>
      <trkpt lat="-29.792714081704617" lon="30.819996781647205">
        <ele>561.18</ele>
      </trkpt>
      <trkpt lat="-29.792895633727312" lon="30.81928314641118">
        <ele>559.16</ele>
      </trkpt>
      <trkpt lat="-29.792942153289914" lon="30.818945104256272">
        <ele>558.29</ele>
      </trkpt>
      <trkpt lat="-29.792984062805772" lon="30.818623155355453">
        <ele>558.17</ele>
      </trkpt>
      <trkpt lat="-29.793058577924967" lon="30.817791502922773">
        <ele>560.59</ele>
      </trkpt>
      <trkpt lat="-29.793058577924967" lon="30.81704023294151">
        <ele>565.78</ele>
      </trkpt>
      <trkpt lat="-29.793039970099926" lon="30.81466857343912">
        <ele>565.3</ele>
      </trkpt>
      <trkpt lat="-29.79300736449659" lon="30.81353106535971">
        <ele>565.46</ele>
      </trkpt>
      <trkpt lat="-29.79294684715569" lon="30.81327348947525">
        <ele>565.89</ele>
      </trkpt>
      <trkpt lat="-29.792863028123975" lon="30.812828075140715">
        <ele>568.24</ele>
      </trkpt>
      <trkpt lat="-29.792751297354698" lon="30.81241493113339">
        <ele>570.23</ele>
      </trkpt>
      <trkpt lat="-29.792411495000124" lon="30.81127742305398">
        <ele>573.0</ele>
      </trkpt>
      <trkpt lat="-29.79228576645255" lon="30.810773000121117">
        <ele>575.83</ele>
      </trkpt>
      <trkpt lat="-29.79223924688995" lon="30.810515424236655">
        <ele>579.06</ele>
      </trkpt>
      <trkpt lat="-29.792211335152388" lon="30.810327669605613">
        <ele>579.99</ele>
      </trkpt>
      <trkpt lat="-29.79218803346157" lon="30.81007009372115">
        <ele>579.71</ele>
      </trkpt>
      <trkpt lat="-29.79216942563653" lon="30.809892984107137">
        <ele>578.75</ele>
      </trkpt>
      <trkpt lat="-29.792141430079937" lon="30.809066696092486">
        <ele>582.75</ele>
      </trkpt>
      <trkpt lat="-29.792174035683274" lon="30.80838524736464">
        <ele>588.1</ele>
      </trkpt>
      <trkpt lat="-29.79229507036507" lon="30.80725838430226">
        <ele>597.29</ele>
      </trkpt>
      <trkpt lat="-29.792350977659225" lon="30.80692034214735">
        <ele>598.49</ele>
      </trkpt>
      <trkpt lat="-29.792490620166063" lon="30.805938402190804">
        <ele>604.76</ele>
      </trkpt>
      <trkpt lat="-29.793012058362365" lon="30.80610478296876">
        <ele>600.98</ele>
      </trkpt>
      <trkpt lat="-29.793067881837487" lon="30.805507991462946">
        <ele>604.47</ele>
      </trkpt>
      <trkpt lat="-29.793100487440825" lon="30.80513239838183">
        <ele>605.0</ele>
      </trkpt>
      <trkpt lat="-29.793188916519284" lon="30.80455823801458">
        <ele>606.56</ele>
      </trkpt>
      <trkpt lat="-29.79324482381344" lon="30.80394116230309">
        <ele>602.81</ele>
      </trkpt>
      <trkpt lat="-29.793393770232797" lon="30.80281438305974">
        <ele>602.24</ele>
      </trkpt>
      <trkpt lat="-29.793561324477196" lon="30.801778798922896">
        <ele>609.79</ele>
      </trkpt>
      <trkpt lat="-29.793738266453147" lon="30.80083549953997">
        <ele>607.79</ele>
      </trkpt>
      <trkpt lat="-29.7940222453326" lon="30.799311669543386">
        <ele>601.66</ele>
      </trkpt>
      <trkpt lat="-29.7940687648952" lon="30.799048729240894">
        <ele>599.18</ele>
      </trkpt>
      <trkpt lat="-29.794161887839437" lon="30.798748238012195">
        <ele>598.45</ele>
      </trkpt>
      <trkpt lat="-29.79423640295863" lon="30.798512119799852">
        <ele>600.18</ele>
      </trkpt>
      <trkpt lat="-29.794390043243766" lon="30.79828144982457">
        <ele>602.01</ele>
      </trkpt>
      <trkpt lat="-29.794534295797348" lon="30.798077518120408">
        <ele>602.75</ele>
      </trkpt>
      <trkpt lat="-29.794860184192657" lon="30.79770192503929">
        <ele>600.02</ele>
      </trkpt>
      <trkpt lat="-29.79532110504806" lon="30.79716531559825">
        <ele>597.0</ele>
      </trkpt>
      <trkpt lat="-29.795609693974257" lon="30.796789722517133">
        <ele>599.6</ele>
      </trkpt>
      <trkpt lat="-29.795875065028667" lon="30.79602244310081">
        <ele>605.32</ele>
      </trkpt>
      <trkpt lat="-29.795926278457046" lon="30.795641485601664">
        <ele>607.06</ele>
      </trkpt>
      <trkpt lat="-29.79599140584469" lon="30.794734647497535">
        <ele>613.27</ele>
      </trkpt>
      <trkpt lat="-29.796079834923148" lon="30.794144393876195">
        <ele>615.37</ele>
      </trkpt>
      <trkpt lat="-29.796219561249018" lon="30.7931356318295">
        <ele>621.81</ele>
      </trkpt>
      <trkpt lat="-29.796233475208282" lon="30.792760038748384">
        <ele>621.14</ele>
      </trkpt>
      <trkpt lat="-29.796224171295762" lon="30.792502462863922">
        <ele>621.67</ele>
      </trkpt>
      <trkpt lat="-29.7961962595582" lon="30.79222879372537">
        <ele>623.81</ele>
      </trkpt>
      <trkpt lat="-29.796140352264047" lon="30.79204103909433">
        <ele>626.13</ele>
      </trkpt>
      <trkpt lat="-29.79551657103002" lon="30.79052785411477">
        <ele>633.65</ele>
      </trkpt>
      <trkpt lat="-29.79504643008113" lon="30.78970156610012">
        <ele>636.23</ele>
      </trkpt>
      <trkpt lat="-29.79466932825744" lon="30.789052303880453">
        <ele>640.46</ele>
      </trkpt>
      <trkpt lat="-29.79457159526646" lon="30.788885923102498">
        <ele>640.41</ele>
      </trkpt>
      <trkpt lat="-29.79368705302477" lon="30.786986416205764">
        <ele>640.11</ele>
      </trkpt>
      <trkpt lat="-29.79353810660541" lon="30.786648374050856">
        <ele>641.7</ele>
      </trkpt>
      <trkpt lat="-29.793472895398736" lon="30.786380069330335">
        <ele>642.05</ele>
      </trkpt>
      <trkpt lat="-29.79325412772596" lon="30.785269383341074">
        <ele>644.73</ele>
      </trkpt>
      <trkpt lat="-29.79326343163848" lon="30.78512454405427">
        <ele>644.91</ele>
      </trkpt>
      <trkpt lat="-29.793314645066857" lon="30.78504399396479">
        <ele>645.27</ele>
      </trkpt>
      <trkpt lat="-29.793393770232797" lon="30.784979620948434">
        <ele>645.84</ele>
      </trkpt>
      <trkpt lat="-29.793510111048818" lon="30.784942070022225">
        <ele>646.68</ele>
      </trkpt>
      <trkpt lat="-29.794101370498538" lon="30.78484014607966">
        <ele>648.86</ele>
      </trkpt>
      <trkpt lat="-29.793719658628106" lon="30.784180155023932">
        <ele>647.23</ele>
      </trkpt>
      <trkpt lat="-29.793566018342972" lon="30.78397622331977">
        <ele>647.08</ele>
      </trkpt>
      <trkpt lat="-29.79336116462946" lon="30.78368646092713">
        <ele>645.8</ele>
      </trkpt>
      <trkpt lat="-29.792397497221828" lon="30.78274207189679">
        <ele>650.17</ele>
      </trkpt>
      <trkpt lat="-29.791070725768805" lon="30.781593834981322">
        <ele>645.91</ele>
      </trkpt>
      <trkpt lat="-29.789888206869364" lon="30.78046160750091">
        <ele>651.38</ele>
      </trkpt>
      <trkpt lat="-29.789008358493447" lon="30.779297277331352">
        <ele>661.24</ele>
      </trkpt>
      <trkpt lat="-29.7887569013983" lon="30.77880358323455">
        <ele>664.22</ele>
      </trkpt>
      <trkpt lat="-29.78863125666976" lon="30.778368981555104">
        <ele>665.08</ele>
      </trkpt>
      <trkpt lat="-29.78854274377227" lon="30.778052397072315">
        <ele>667.04</ele>
      </trkpt>
      <trkpt lat="-29.788458924740553" lon="30.777515871450305">
        <ele>671.83</ele>
      </trkpt>
      <trkpt lat="-29.788458924740553" lon="30.777236837893724">
        <ele>671.83</ele>
      </trkpt>
      <trkpt lat="-29.788440316915512" lon="30.7759222202003">
        <ele>667.19</ele>
      </trkpt>
      <trkpt lat="-29.788426402956247" lon="30.77509048394859">
        <ele>666.19</ele>
      </trkpt>
      <trkpt lat="-29.78832397609949" lon="30.774382213130593">
        <ele>665.0</ele>
      </trkpt>
      <trkpt lat="-29.788249460980296" lon="30.774001255631447">
        <ele>666.45</ele>
      </trkpt>
      <trkpt lat="-29.788133036345243" lon="30.773507561534643">
        <ele>667.0</ele>
      </trkpt>
      <trkpt lat="-29.787984089925885" lon="30.77302468009293">
        <ele>668.63</ele>
      </trkpt>
      <trkpt lat="-29.787532472983003" lon="30.77183880843222">
        <ele>669.0</ele>
      </trkpt>
      <trkpt lat="-29.787360224872828" lon="30.771532952785492">
        <ele>669.79</ele>
      </trkpt>
      <trkpt lat="-29.787155371159315" lon="30.771157359704375">
        <ele>672.31</ele>
      </trkpt>
      <trkpt lat="-29.78695521131158" lon="30.7707710377872">
        <ele>676.23</ele>
      </trkpt>
      <trkpt lat="-29.786661844700575" lon="30.77020224183798">
        <ele>678.32</ele>
      </trkpt>
      <trkpt lat="-29.786377865821123" lon="30.769703267142177">
        <ele>676.67</ele>
      </trkpt>
      <trkpt lat="-29.78624283336103" lon="30.76955297961831">
        <ele>677.75</ele>
      </trkpt>
      <trkpt lat="-29.786079889163375" lon="30.76934376731515">
        <ele>679.69</ele>
      </trkpt>
      <trkpt lat="-29.785465328022838" lon="30.768576404079795">
        <ele>682.6</ele>
      </trkpt>
      <trkpt lat="-29.785260474309325" lon="30.768292006105185">
        <ele>680.23</ele>
      </trkpt>
      <trkpt lat="-29.785037012770772" lon="30.767943235114217">
        <ele>683.49</ele>
      </trkpt>
      <trkpt lat="-29.784855460748076" lon="30.767642743885517">
        <ele>686.7</ele>
      </trkpt>
      <trkpt lat="-29.784739036113024" lon="30.767379887402058">
        <ele>689.57</ele>
      </trkpt>
      <trkpt lat="-29.784087259322405" lon="30.766027718782425">
        <ele>685.86</ele>
      </trkpt>
      <trkpt lat="-29.783938312903047" lon="30.765737956389785">
        <ele>684.68</ele>
      </trkpt>
      <trkpt lat="-29.783672858029604" lon="30.76529254205525">
        <ele>682.15</ele>
      </trkpt>
      <trkpt lat="-29.78318402543664" lon="30.764535991474986">
        <ele>682.4</ele>
      </trkpt>
      <trkpt lat="-29.783067600801587" lon="30.76442870311439">
        <ele>682.48</ele>
      </trkpt>
      <trkpt lat="-29.78291865438223" lon="30.764342788606882">
        <ele>681.93</ele>
      </trkpt>
      <trkpt lat="-29.782751016318798" lon="30.764289144426584">
        <ele>681.44</ele>
      </trkpt>
      <trkpt lat="-29.781223917379975" lon="30.76385454274714">
        <ele>688.01</ele>
      </trkpt>
      <trkpt lat="-29.77994349785149" lon="30.763505771756172">
        <ele>688.47</ele>
      </trkpt>
      <trkpt lat="-29.778644470497966" lon="30.763151636347175">
        <ele>697.22</ele>
      </trkpt>
      <trkpt lat="-29.778448920696974" lon="30.763097992166877">
        <ele>699.69</ele>
      </trkpt>
      <trkpt lat="-29.77693104185164" lon="30.76267939992249">
        <ele>703.32</ele>
      </trkpt>
      <trkpt lat="-29.77631639689207" lon="30.762480916455388">
        <ele>702.13</ele>
      </trkpt>
      <trkpt lat="-29.77541777305305" lon="30.76217506080866">
        <ele>696.82</ele>
      </trkpt>
      <trkpt lat="-29.774654181674123" lon="30.761928213760257">
        <ele>689.84</ele>
      </trkpt>
      <trkpt lat="-29.774225782603025" lon="30.76185311190784">
        <ele>690.59</ele>
      </trkpt>
      <trkpt lat="-29.773792773485184" lon="30.761783374473453">
        <ele>689.9</ele>
      </trkpt>
      <trkpt lat="-29.77301518432796" lon="30.761670637875795">
        <ele>684.32</ele>
      </trkpt>
      <trkpt lat="-29.772582091391087" lon="30.76157407835126">
        <ele>681.64</ele>
      </trkpt>
      <trkpt lat="-29.77223290130496" lon="30.761456061154604">
        <ele>677.33</ele>
      </trkpt>
      <trkpt lat="-29.771967446431518" lon="30.761321866884828">
        <ele>674.93</ele>
      </trkpt>
      <trkpt lat="-29.77166946977377" lon="30.761166298761964">
        <ele>672.21</ele>
      </trkpt>
      <trkpt lat="-29.770794063806534" lon="30.76065651141107">
        <ele>660.27</ele>
      </trkpt>
      <trkpt lat="-29.770374968647957" lon="30.76035602018237">
        <ele>655.28</ele>
      </trkpt>
      <trkpt lat="-29.77010490372777" lon="30.76010389253497">
        <ele>653.0</ele>
      </trkpt>
      <trkpt lat="-29.769904660061002" lon="30.75987850315869">
        <ele>652.84</ele>
      </trkpt>
      <trkpt lat="-29.769653286784887" lon="30.759502910077572">
        <ele>655.41</ele>
      </trkpt>
      <trkpt lat="-29.769387831911445" lon="30.75899848714471">
        <ele>652.66</ele>
      </trkpt>
      <trkpt lat="-29.7690153401345" lon="30.758268758654594">
        <ele>661.14</ele>
      </trkpt>
      <trkpt lat="-29.768782490864396" lon="30.75780197046697">
        <ele>663.39</ele>
      </trkpt>
      <trkpt lat="-29.768582247197628" lon="30.75755512341857">
        <ele>661.88</ele>
      </trkpt>
      <trkpt lat="-29.768042117357254" lon="30.757098980247974">
        <ele>663.01</ele>
      </trkpt>
      <trkpt lat="-29.767595110461116" lon="30.756809217855334">
        <ele>666.77</ele>
      </trkpt>
      <trkpt lat="-29.76710611023009" lon="30.756503446027637">
        <ele>664.84</ele>
      </trkpt>
      <trkpt lat="-29.76657989434898" lon="30.756149226799607">
        <ele>669.39</ele>
      </trkpt>
      <trkpt lat="-29.76625400595367" lon="30.755934650078416">
        <ele>672.28</ele>
      </trkpt>
      <trkpt lat="-29.766249982640147" lon="30.75594998896122">
        <ele>674.31</ele>
      </trkpt>
      <trkpt lat="-29.765969943255186" lon="30.75579995289445">
        <ele>676.37</ele>
      </trkpt>
      <trkpt lat="-29.765339959412813" lon="30.755579927936196">
        <ele>679.69</ele>
      </trkpt>
      <trkpt lat="-29.764789938926697" lon="30.755209950730205">
        <ele>683.2</ele>
      </trkpt>
      <trkpt lat="-29.764569997787476" lon="30.755159994587302">
        <ele>686.07</ele>
      </trkpt>
      <trkpt lat="-29.764419961720705" lon="30.755169969052076">
        <ele>688.66</ele>
      </trkpt>
      <trkpt lat="-29.76431996561587" lon="30.755229983478785">
        <ele>690.7</ele>
      </trkpt>
      <trkpt lat="-29.764249976724386" lon="30.755299972370267">
        <ele>692.2</ele>
      </trkpt>
      <trkpt lat="-29.764169929549098" lon="30.75541991740465">
        <ele>693.32</ele>
      </trkpt>
      <trkpt lat="-29.76397999562323" lon="30.755849992856383">
        <ele>693.91</ele>
      </trkpt>
      <trkpt lat="-29.763919981196523" lon="30.755939930677414">
        <ele>692.91</ele>
      </trkpt>
      <trkpt lat="-29.763799952343106" lon="30.75607999227941">
        <ele>693.96</ele>
      </trkpt>
      <trkpt lat="-29.763629967346787" lon="30.756199937313795">
        <ele>695.42</ele>
      </trkpt>
      <trkpt lat="-29.76343994960189" lon="30.75624997727573">
        <ele>697.36</ele>
      </trkpt>
      <trkpt lat="-29.763049939647317" lon="30.756309991702437">
        <ele>699.88</ele>
      </trkpt>
      <trkpt lat="-29.762339992448688" lon="30.756369922310114">
        <ele>703.44</ele>
      </trkpt>
      <trkpt lat="-29.762139916419983" lon="30.756439995020628">
        <ele>705.93</ele>
      </trkpt>
      <trkpt lat="-29.762019971385598" lon="30.75654996559024">
        <ele>708.1</ele>
      </trkpt>
      <trkpt lat="-29.761759964749217" lon="30.756839979439974">
        <ele>710.09</ele>
      </trkpt>
      <trkpt lat="-29.76156994700432" lon="30.75699998997152">
        <ele>712.58</ele>
      </trkpt>
      <trkpt lat="-29.76133994758129" lon="30.757139967754483">
        <ele>715.23</ele>
      </trkpt>
      <trkpt lat="-29.761089999228716" lon="30.75723996385932">
        <ele>717.97</ele>
      </trkpt>
      <trkpt lat="-29.76090995594859" lon="30.757309952750802">
        <ele>720.64</ele>
      </trkpt>
      <trkpt lat="-29.760659923776984" lon="30.757359992712736">
        <ele>723.52</ele>
      </trkpt>
      <trkpt lat="-29.76045993156731" lon="30.757339959964156">
        <ele>726.63</ele>
      </trkpt>
      <trkpt lat="-29.75890995003283" lon="30.757069978863">
        <ele>731.01</ele>
      </trkpt>
      <trkpt lat="-29.757759952917695" lon="30.757029997184873">
        <ele>735.27</ele>
      </trkpt>
      <trkpt lat="-29.757589967921376" lon="30.75699998997152">
        <ele>738.47</ele>
      </trkpt>
      <trkpt lat="-29.757509920746088" lon="30.75695992447436">
        <ele>741.41</ele>
      </trkpt>
      <trkpt lat="-29.757349994033575" lon="30.756869986653328">
        <ele>744.2</ele>
      </trkpt>
      <trkpt lat="-29.757119994610548" lon="30.75665993615985">
        <ele>747.03</ele>
      </trkpt>
      <trkpt lat="-29.756919918581843" lon="30.75637998059392">
        <ele>749.61</ele>
      </trkpt>
      <trkpt lat="-29.75686996243894" lon="30.7562099955976">
        <ele>751.95</ele>
      </trkpt>
      <trkpt lat="-29.756809948012233" lon="30.755899948999286">
        <ele>754.28</ele>
      </trkpt>
      <trkpt lat="-29.756819922477007" lon="30.755639942362905">
        <ele>756.37</ele>
      </trkpt>
      <trkpt lat="-29.756839955225587" lon="30.755509939044714">
        <ele>758.35</ele>
      </trkpt>
      <trkpt lat="-29.75703994743526" lon="30.754929995164275">
        <ele>760.54</ele>
      </trkpt>
      <trkpt lat="-29.757349994033575" lon="30.75414997525513">
        <ele>762.5</ele>
      </trkpt>
      <trkpt lat="-29.75740992464125" lon="30.753969931975007">
        <ele>764.26</ele>
      </trkpt>
      <trkpt lat="-29.757499946281314" lon="30.753859961405396">
        <ele>765.95</ele>
      </trkpt>
      <trkpt lat="-29.75783111527562" lon="30.753070637583733">
        <ele>767.74</ele>
      </trkpt>
      <trkpt lat="-29.758359929546714" lon="30.751809999346733">
        <ele>767.74</ele>
      </trkpt>
      <trkpt lat="-29.758529998362064" lon="30.751319993287325">
        <ele>769.09</ele>
      </trkpt>
      <trkpt lat="-29.758659917861223" lon="30.750909950584173">
        <ele>770.58</ele>
      </trkpt>
      <trkpt lat="-29.758709957823157" lon="30.750459926202893">
        <ele>771.73</ele>
      </trkpt>
      <trkpt lat="-29.758709957823157" lon="30.75016999617219">
        <ele>772.25</ele>
      </trkpt>
      <trkpt lat="-29.758529998362064" lon="30.749019999057055">
        <ele>772.05</ele>
      </trkpt>
      <trkpt lat="-29.758509965613484" lon="30.748769966885448">
        <ele>771.55</ele>
      </trkpt>
      <trkpt lat="-29.758449951186776" lon="30.748099917545915">
        <ele>770.5</ele>
      </trkpt>
      <trkpt lat="-29.758439976722002" lon="30.747349988669157">
        <ele>769.94</ele>
      </trkpt>
      <trkpt lat="-29.758429918438196" lon="30.74692997150123">
        <ele>768.74</ele>
      </trkpt>
      <trkpt lat="-29.758426900953054" lon="30.746930139139295">
        <ele>758.12</ele>
      </trkpt>
      <trkpt lat="-29.758422374725342" lon="30.746816396713257">
        <ele>756.19</ele>
      </trkpt>
      <trkpt lat="-29.758400917053223" lon="30.746676921844482">
        <ele>753.86</ele>
      </trkpt>
      <trkpt lat="-29.758336544036865" lon="30.746537446975708">
        <ele>751.57</ele>
      </trkpt>
      <trkpt lat="-29.75823998451233" lon="30.746440887451172">
        <ele>749.59</ele>
      </trkpt>
      <trkpt lat="-29.758068323135376" lon="30.746355056762695">
        <ele>748.07</ele>
      </trkpt>
      <trkpt lat="-29.757628440856934" lon="30.74621558189392">
        <ele>746.68</ele>
      </trkpt>
      <trkpt lat="-29.75719928741455" lon="30.746161937713623">
        <ele>745.22</ele>
      </trkpt>
      <trkpt lat="-29.75672721862793" lon="30.746183395385742">
        <ele>742.9</ele>
      </trkpt>
      <trkpt lat="-29.75619069300592" lon="30.746097564697266">
        <ele>741.38</ele>
      </trkpt>
      <trkpt lat="-29.755986845120788" lon="30.746065378189087">
        <ele>739.89</ele>
      </trkpt>
      <trkpt lat="-29.75598692893982" lon="30.746065378189087">
        <ele>739.05</ele>
      </trkpt>
      <trkpt lat="-29.755547046661377" lon="30.74597954750061">
        <ele>738.57</ele>
      </trkpt>
      <trkpt lat="-29.75523591041565" lon="30.745904445648193">
        <ele>738.55</ele>
      </trkpt>
      <trkpt lat="-29.75497841835022" lon="30.745786428451538">
        <ele>738.81</ele>
      </trkpt>
      <trkpt lat="-29.754667282104492" lon="30.745582580566406">
        <ele>739.31</ele>
      </trkpt>
      <trkpt lat="-29.754527723416686" lon="30.745443105697632">
        <ele>740.08</ele>
      </trkpt>
      <trkpt lat="-29.754388332366943" lon="30.745292901992798">
        <ele>740.87</ele>
      </trkpt>
      <trkpt lat="-29.75423812866211" lon="30.74502468109131">
        <ele>741.98</ele>
      </trkpt>
      <trkpt lat="-29.7539484500885" lon="30.744391679763794">
        <ele>744.0</ele>
      </trkpt>
      <trkpt lat="-29.75390545092523" lon="30.74419856071472">
        <ele>745.95</ele>
      </trkpt>
      <trkpt lat="-29.753369009122252" lon="30.743061304092407">
        <ele>748.45</ele>
      </trkpt>
      <trkpt lat="-29.753272533416748" lon="30.742878913879395">
        <ele>750.49</ele>
      </trkpt>
      <trkpt lat="-29.75318661890924" lon="30.74275016784668">
        <ele>752.35</ele>
      </trkpt>
      <trkpt lat="-29.752993499860168" lon="30.74246048927307">
        <ele>754.09</ele>
      </trkpt>
      <trkpt lat="-29.752585804089904" lon="30.741838216781616">
        <ele>755.86</ele>
      </trkpt>
      <trkpt lat="-29.752027904614806" lon="30.741044282913208">
        <ele>757.47</ele>
      </trkpt>
      <trkpt lat="-29.751663208007812" lon="30.74048638343811">
        <ele>759.49</ele>
      </trkpt>
      <trkpt lat="-29.751534461975098" lon="30.74026107788086">
        <ele>761.17</ele>
      </trkpt>
      <trkpt lat="-29.75139490328729" lon="30.73999285697937">
        <ele>762.64</ele>
      </trkpt>
      <trkpt lat="-29.751169681549072" lon="30.739424228668213">
        <ele>763.78</ele>
      </trkpt>
      <trkpt lat="-29.751126766204834" lon="30.73923110961914">
        <ele>764.65</ele>
      </trkpt>
      <trkpt lat="-29.751094579696655" lon="30.738812685012817">
        <ele>765.24</ele>
      </trkpt>
      <trkpt lat="-29.751094579696655" lon="30.73850154876709">
        <ele>765.7</ele>
      </trkpt>
      <trkpt lat="-29.751169681549072" lon="30.737589597702026">
        <ele>765.93</ele>
      </trkpt>
      <trkpt lat="-29.75114814005792" lon="30.737310647964478">
        <ele>765.89</ele>
      </trkpt>
      <trkpt lat="-29.751073122024536" lon="30.737128257751465">
        <ele>765.75</ele>
      </trkpt>
      <trkpt lat="-29.75100874900818" lon="30.737063884735107">
        <ele>765.47</ele>
      </trkpt>
      <trkpt lat="-29.750912189483643" lon="30.73698878288269">
        <ele>765.06</ele>
      </trkpt>
      <trkpt lat="-29.75076198577881" lon="30.736924409866333">
        <ele>764.44</ele>
      </trkpt>
      <trkpt lat="-29.750568866729736" lon="30.736902952194214">
        <ele>763.7</ele>
      </trkpt>
      <trkpt lat="-29.750053882598877" lon="30.73701024055481">
        <ele>763.36</ele>
      </trkpt>
      <trkpt lat="-29.749839305877686" lon="30.73702096939087">
        <ele>762.5</ele>
      </trkpt>
      <trkpt lat="-29.749614000320435" lon="30.73699951171875">
        <ele>761.51</ele>
      </trkpt>
      <trkpt lat="-29.749335050582886" lon="30.736935138702393">
        <ele>760.49</ele>
      </trkpt>
      <trkpt lat="-29.749109745025635" lon="30.736860036849976">
        <ele>759.29</ele>
      </trkpt>
      <trkpt lat="-29.74890581332147" lon="30.7367205619812">
        <ele>757.89</ele>
      </trkpt>
      <trkpt lat="-29.748862981796265" lon="30.736645460128784">
        <ele>756.62</ele>
      </trkpt>
      <trkpt lat="-29.748809337615967" lon="30.73649525642395">
        <ele>755.32</ele>
      </trkpt>
      <trkpt lat="-29.748787879943848" lon="30.736345052719116">
        <ele>754.15</ele>
      </trkpt>
      <trkpt lat="-29.748809337615967" lon="30.73622703552246">
        <ele>752.96</ele>
      </trkpt>
      <trkpt lat="-29.749335050582886" lon="30.735068321228027">
        <ele>751.42</ele>
      </trkpt>
      <trkpt lat="-29.749367237091064" lon="30.734928846359253">
        <ele>750.03</ele>
      </trkpt>
      <trkpt lat="-29.749367237091064" lon="30.734800100326538">
        <ele>748.62</ele>
      </trkpt>
      <trkpt lat="-29.74921703338623" lon="30.73352336883545">
        <ele>746.93</ele>
      </trkpt>
      <trkpt lat="-29.74921703338623" lon="30.733340978622437">
        <ele>745.41</ele>
      </trkpt>
      <trkpt lat="-29.74925994873047" lon="30.733104944229126">
        <ele>743.86</ele>
      </trkpt>
      <trkpt lat="-29.749377965927124" lon="30.73275089263916">
        <ele>742.3</ele>
      </trkpt>
      <trkpt lat="-29.749571001157165" lon="30.732375383377075">
        <ele>740.73</ele>
      </trkpt>
      <trkpt lat="-29.749882137402892" lon="30.73174238204956">
        <ele>739.31</ele>
      </trkpt>
      <trkpt lat="-29.750032424926758" lon="30.731431245803833">
        <ele>738.08</ele>
      </trkpt>
      <trkpt lat="-29.750128900632262" lon="30.731281042099">
        <ele>736.91</ele>
      </trkpt>
      <trkpt lat="-29.75025773048401" lon="30.731077194213867">
        <ele>735.83</ele>
      </trkpt>
      <trkpt lat="-29.75046149455011" lon="30.730841159820557">
        <ele>734.81</ele>
      </trkpt>
      <trkpt lat="-29.750729715451598" lon="30.730605125427246">
        <ele>733.79</ele>
      </trkpt>
      <trkpt lat="-29.751867055892944" lon="30.729843378067017">
        <ele>732.69</ele>
      </trkpt>
      <trkpt lat="-29.752103090286255" lon="30.729660987854004">
        <ele>732.08</ele>
      </trkpt>
      <trkpt lat="-29.753079414367676" lon="30.728641748428345">
        <ele>730.84</ele>
      </trkpt>
      <trkpt lat="-29.753347635269165" lon="30.728309154510498">
        <ele>730.67</ele>
      </trkpt>
      <trkpt lat="-29.753497838974" lon="30.72804093360901">
        <ele>730.78</ele>
      </trkpt>
      <trkpt lat="-29.754420518875122" lon="30.72622776031494">
        <ele>731.58</ele>
      </trkpt>
      <trkpt lat="-29.754549264907837" lon="30.72604537010193">
        <ele>732.19</ele>
      </trkpt>
      <trkpt lat="-29.75472092628479" lon="30.725820064544678">
        <ele>733.06</ele>
      </trkpt>
      <trkpt lat="-29.755289470776916" lon="30.725133419036865">
        <ele>734.64</ele>
      </trkpt>
      <trkpt lat="-29.755654335021973" lon="30.7247793674469">
        <ele>736.76</ele>
      </trkpt>
      <trkpt lat="-29.756040573120117" lon="30.72448968887329">
        <ele>738.55</ele>
      </trkpt>
      <trkpt lat="-29.756866693496704" lon="30.723942518234253">
        <ele>740.44</ele>
      </trkpt>
      <trkpt lat="-29.757767915725708" lon="30.723395347595215">
        <ele>742.56</ele>
      </trkpt>
      <trkpt lat="-29.75799322128296" lon="30.72322368621826">
        <ele>744.45</ele>
      </trkpt>
      <trkpt lat="-29.758068323135376" lon="30.723137855529785">
        <ele>746.34</ele>
      </trkpt>
      <trkpt lat="-29.75822925567627" lon="30.722923278808594">
        <ele>748.24</ele>
      </trkpt>
      <trkpt lat="-29.758583307266235" lon="30.722140073776245">
        <ele>749.97</ele>
      </trkpt>
      <trkpt lat="-29.758808529004455" lon="30.721828937530518">
        <ele>751.68</ele>
      </trkpt>
      <trkpt lat="-29.759602546691895" lon="30.72099208831787">
        <ele>754.11</ele>
      </trkpt>
      <trkpt lat="-29.759763479232788" lon="30.72077751159668">
        <ele>755.81</ele>
      </trkpt>
      <trkpt lat="-29.759860038757324" lon="30.720627307891846">
        <ele>757.26</ele>
      </trkpt>
      <trkpt lat="-29.759913682937622" lon="30.72048783302307">
        <ele>758.51</ele>
      </trkpt>
      <trkpt lat="-29.760128259658813" lon="30.71980118751526">
        <ele>759.71</ele>
      </trkpt>
      <trkpt lat="-29.760364294052124" lon="30.71930766105652">
        <ele>760.54</ele>
      </trkpt>
      <trkpt lat="-29.760664701461792" lon="30.71873903274536">
        <ele>760.87</ele>
      </trkpt>
      <trkpt lat="-29.76075053215027" lon="30.71850299835205">
        <ele>761.34</ele>
      </trkpt>
      <trkpt lat="-29.760814905166626" lon="30.71823477745056">
        <ele>761.68</ele>
      </trkpt>
      <trkpt lat="-29.760847091674805" lon="30.717977285385132">
        <ele>761.82</ele>
      </trkpt>
      <trkpt lat="-29.760847091674805" lon="30.717869997024536">
        <ele>761.88</ele>
      </trkpt>
      <trkpt lat="-29.760804176330566" lon="30.717644691467285">
        <ele>761.74</ele>
      </trkpt>
      <trkpt lat="-29.76070761680603" lon="30.717462301254272">
        <ele>761.53</ele>
      </trkpt>
      <trkpt lat="-29.760568141937256" lon="30.717333555221558">
        <ele>761.19</ele>
      </trkpt>
      <trkpt lat="-29.76046085357666" lon="30.71727991104126">
        <ele>760.86</ele>
      </trkpt>
      <trkpt lat="-29.760396480560303" lon="30.7172691822052">
        <ele>760.53</ele>
      </trkpt>
      <trkpt lat="-29.760278463363647" lon="30.71727991104126">
        <ele>760.15</ele>
      </trkpt>
      <trkpt lat="-29.76021409034729" lon="30.71730136871338">
        <ele>759.73</ele>
      </trkpt>
      <trkpt lat="-29.760042428970337" lon="30.717451572418213">
        <ele>759.34</ele>
      </trkpt>
      <trkpt lat="-29.759838581085205" lon="30.717698335647583">
        <ele>759.12</ele>
      </trkpt>
      <trkpt lat="-29.75970983505249" lon="30.71778416633606">
        <ele>758.7</ele>
      </trkpt>
      <trkpt lat="-29.759613275527954" lon="30.71780562400818">
        <ele>758.08</ele>
      </trkpt>
      <trkpt lat="-29.7594952583313" lon="30.71780562400818">
        <ele>757.32</ele>
      </trkpt>
      <trkpt lat="-29.75943088531494" lon="30.71778416633606">
        <ele>756.4</ele>
      </trkpt>
      <trkpt lat="-29.759280681610107" lon="30.717687606811523">
        <ele>755.25</ele>
      </trkpt>
      <trkpt lat="-29.759130477905273" lon="30.71750521659851">
        <ele>753.75</ele>
      </trkpt>
      <trkpt lat="-29.759044647216797" lon="30.717365741729736">
        <ele>752.21</ele>
      </trkpt>
      <trkpt lat="-29.758872985839844" lon="30.716936588287354">
        <ele>750.55</ele>
      </trkpt>
      <trkpt lat="-29.758819341659546" lon="30.716689825057983">
        <ele>748.86</ele>
      </trkpt>
      <trkpt lat="-29.758787155151367" lon="30.716217756271362">
        <ele>746.51</ele>
      </trkpt>
      <trkpt lat="-29.75875496864319" lon="30.716089010238647">
        <ele>744.76</ele>
      </trkpt>
      <trkpt lat="-29.75869059562683" lon="30.715938806533813">
        <ele>742.93</ele>
      </trkpt>
      <trkpt lat="-29.758636951446533" lon="30.715874433517456">
        <ele>741.24</ele>
      </trkpt>
      <trkpt lat="-29.758518934249878" lon="30.71578860282898">
        <ele>739.63</ele>
      </trkpt>
      <trkpt lat="-29.758411645889282" lon="30.71573495864868">
        <ele>737.98</ele>
      </trkpt>
      <trkpt lat="-29.758089780807495" lon="30.715649127960205">
        <ele>736.5</ele>
      </trkpt>
      <trkpt lat="-29.75799322128296" lon="30.715595483779907">
        <ele>735.03</ele>
      </trkpt>
      <trkpt lat="-29.7579288482666" lon="30.71553111076355">
        <ele>733.53</ele>
      </trkpt>
      <trkpt lat="-29.757875204086304" lon="30.715466737747192">
        <ele>732.14</ele>
      </trkpt>
      <trkpt lat="-29.757821559906006" lon="30.715337991714478">
        <ele>730.76</ele>
      </trkpt>
      <trkpt lat="-29.757810831069946" lon="30.715123414993286">
        <ele>729.19</ele>
      </trkpt>
      <trkpt lat="-29.757832288742065" lon="30.71499466896057">
        <ele>727.7</ele>
      </trkpt>
      <trkpt lat="-29.75796103477478" lon="30.714576244354248">
        <ele>726.01</ele>
      </trkpt>
      <trkpt lat="-29.758347272872925" lon="30.713589191436768">
        <ele>723.72</ele>
      </trkpt>
      <trkpt lat="-29.758540391921997" lon="30.712924003601074">
        <ele>722.34</ele>
      </trkpt>
      <trkpt lat="-29.75874423980713" lon="30.71205496788025">
        <ele>721.92</ele>
      </trkpt>
      <trkpt lat="-29.758819341659546" lon="30.711840391159058">
        <ele>721.1</ele>
      </trkpt>
      <trkpt lat="-29.75895881652832" lon="30.71151852607727">
        <ele>720.51</ele>
      </trkpt>
      <trkpt lat="-29.75920557975769" lon="30.71125030517578">
        <ele>719.99</ele>
      </trkpt>
      <trkpt lat="-29.759366512298584" lon="30.711143016815186">
        <ele>719.26</ele>
      </trkpt>
      <trkpt lat="-29.75948452949524" lon="30.711089372634888">
        <ele>718.46</ele>
      </trkpt>
      <trkpt lat="-29.759613275527954" lon="30.71100354194641">
        <ele>717.69</ele>
      </trkpt>
      <trkpt lat="-29.75995659828186" lon="30.710649490356445">
        <ele>716.9</ele>
      </trkpt>
      <trkpt lat="-29.760600328445435" lon="30.709834098815918">
        <ele>715.45</ele>
      </trkpt>
      <trkpt lat="-29.760664701461792" lon="30.709705352783203">
        <ele>714.74</ele>
      </trkpt>
      <trkpt lat="-29.76068615913391" lon="30.709608793258667">
        <ele>714.12</ele>
      </trkpt>
      <trkpt lat="-29.76068615913391" lon="30.70952296257019">
        <ele>713.56</ele>
      </trkpt>
      <trkpt lat="-29.76067543029785" lon="30.709404945373535">
        <ele>713.01</ele>
      </trkpt>
      <trkpt lat="-29.760621786117554" lon="30.70931911468506">
        <ele>712.53</ele>
      </trkpt>
      <trkpt lat="-29.760525226593018" lon="30.709211826324463">
        <ele>712.08</ele>
      </trkpt>
      <trkpt lat="-29.760364294052124" lon="30.709147453308105">
        <ele>711.72</ele>
      </trkpt>
      <trkpt lat="-29.760289192199707" lon="30.709125995635986">
        <ele>711.42</ele>
      </trkpt>
      <trkpt lat="-29.75973129272461" lon="30.709115266799927">
        <ele>711.46</ele>
      </trkpt>
      <trkpt lat="-29.75920557975769" lon="30.70901870727539">
        <ele>711.4</ele>
      </trkpt>
      <trkpt lat="-29.758529663085938" lon="30.708954334259033">
        <ele>711.01</ele>
      </trkpt>
      <trkpt lat="-29.75822925567627" lon="30.708879232406616">
        <ele>710.68</ele>
      </trkpt>
      <trkpt lat="-29.758079051971436" lon="30.70882558822632">
        <ele>710.32</ele>
      </trkpt>
      <trkpt lat="-29.757585525512695" lon="30.708589553833008">
        <ele>709.45</ele>
      </trkpt>
      <trkpt lat="-29.75700616836548" lon="30.708428621292114">
        <ele>708.86</ele>
      </trkpt>
      <trkpt lat="-29.756662845611572" lon="30.708385705947876">
        <ele>708.59</ele>
      </trkpt>
      <trkpt lat="-29.756287336349487" lon="30.708385705947876">
        <ele>708.12</ele>
      </trkpt>
      <trkpt lat="-29.75599765777588" lon="30.708353519439697">
        <ele>707.53</ele>
      </trkpt>
      <trkpt lat="-29.755300283432007" lon="30.708192586898804">
        <ele>706.62</ele>
      </trkpt>
      <trkpt lat="-29.755074977874756" lon="30.708117485046387">
        <ele>706.17</ele>
      </trkpt>
      <trkpt lat="-29.75472092628479" lon="30.707967281341553">
        <ele>705.46</ele>
      </trkpt>
      <trkpt lat="-29.754270315170288" lon="30.707699060440063">
        <ele>704.96</ele>
      </trkpt>
      <trkpt lat="-29.754087924957275" lon="30.70752739906311">
        <ele>704.45</ele>
      </trkpt>
      <trkpt lat="-29.7539484500885" lon="30.70731282234192">
        <ele>703.95</ele>
      </trkpt>
      <trkpt lat="-29.753884077072144" lon="30.707162618637085">
        <ele>703.4</ele>
      </trkpt>
      <trkpt lat="-29.753540754318237" lon="30.706132650375366">
        <ele>703.67</ele>
      </trkpt>
      <trkpt lat="-29.75350856781006" lon="30.705907344818115">
        <ele>703.19</ele>
      </trkpt>
      <trkpt lat="-29.753519296646118" lon="30.705392360687256">
        <ele>702.56</ele>
      </trkpt>
      <trkpt lat="-29.75350856781006" lon="30.70528507232666">
        <ele>701.82</ele>
      </trkpt>
      <trkpt lat="-29.75346565246582" lon="30.705091953277588">
        <ele>700.97</ele>
      </trkpt>
      <trkpt lat="-29.753315448760986" lon="30.704737901687622">
        <ele>699.99</ele>
      </trkpt>
      <trkpt lat="-29.75324034690857" lon="30.70450186729431">
        <ele>699.1</ele>
      </trkpt>
      <trkpt lat="-29.75321888923645" lon="30.704383850097656">
        <ele>698.03</ele>
      </trkpt>
      <trkpt lat="-29.7531973477453" lon="30.703954696655273">
        <ele>696.9</ele>
      </trkpt>
      <trkpt lat="-29.753175973892212" lon="30.7038152217865">
        <ele>695.59</ele>
      </trkpt>
      <trkpt lat="-29.753111600875854" lon="30.70355772972107">
        <ele>694.14</ele>
      </trkpt>
      <trkpt lat="-29.75300431251526" lon="30.7033109664917">
        <ele>692.62</ele>
      </trkpt>
      <trkpt lat="-29.752864837646484" lon="30.70308566093445">
        <ele>691.16</ele>
      </trkpt>
      <trkpt lat="-29.75271463394165" lon="30.702903270721436">
        <ele>689.5</ele>
      </trkpt>
      <trkpt lat="-29.752553701400757" lon="30.70276379585266">
        <ele>687.74</ele>
      </trkpt>
      <trkpt lat="-29.75244641304016" lon="30.702688694000244">
        <ele>685.88</ele>
      </trkpt>
      <trkpt lat="-29.75225329399109" lon="30.702602863311768">
        <ele>683.96</ele>
      </trkpt>
      <trkpt lat="-29.751877784729004" lon="30.70251703262329">
        <ele>682.1</ele>
      </trkpt>
      <trkpt lat="-29.75168466567993" lon="30.70250630378723">
        <ele>680.25</ele>
      </trkpt>
      <trkpt lat="-29.75150227546692" lon="30.70253849029541">
        <ele>678.32</ele>
      </trkpt>
      <trkpt lat="-29.751362800598145" lon="30.702592134475708">
        <ele>676.41</ele>
      </trkpt>
      <trkpt lat="-29.75121259689331" lon="30.702688694000244">
        <ele>674.47</ele>
      </trkpt>
      <trkpt lat="-29.750826274976134" lon="30.703107118606567">
        <ele>672.46</ele>
      </trkpt>
      <trkpt lat="-29.750740444287658" lon="30.703182220458984">
        <ele>670.56</ele>
      </trkpt>
      <trkpt lat="-29.750590324401855" lon="30.7032573223114">
        <ele>668.64</ele>
      </trkpt>
      <trkpt lat="-29.750429391860962" lon="30.70328950881958">
        <ele>666.69</ele>
      </trkpt>
      <trkpt lat="-29.750300645828247" lon="30.70326805114746">
        <ele>664.8</ele>
      </trkpt>
      <trkpt lat="-29.750128984451294" lon="30.703182220458984">
        <ele>663.03</ele>
      </trkpt>
      <trkpt lat="-29.74995732307434" lon="30.702989101409912">
        <ele>661.44</ele>
      </trkpt>
      <trkpt lat="-29.749292135238647" lon="30.701959133148193">
        <ele>659.89</ele>
      </trkpt>
      <trkpt lat="-29.749292051419616" lon="30.701959133148193">
        <ele>658.44</ele>
      </trkpt>
      <trkpt lat="-29.748637676239014" lon="30.700972080230713">
        <ele>656.88</ele>
      </trkpt>
      <trkpt lat="-29.74851965904236" lon="30.700714588165283">
        <ele>655.47</ele>
      </trkpt>
      <trkpt lat="-29.748423099517822" lon="30.700403451919556">
        <ele>654.35</ele>
      </trkpt>
      <trkpt lat="-29.74842301569879" lon="30.700403451919556">
        <ele>653.37</ele>
      </trkpt>
      <trkpt lat="-29.748337268829346" lon="30.69981336593628">
        <ele>652.62</ele>
      </trkpt>
      <trkpt lat="-29.748294353485107" lon="30.69957733154297">
        <ele>651.81</ele>
      </trkpt>
      <trkpt lat="-29.74821925163269" lon="30.699362754821777">
        <ele>651.21</ele>
      </trkpt>
      <trkpt lat="-29.748101234436035" lon="30.699148178100586">
        <ele>650.88</ele>
      </trkpt>
      <trkpt lat="-29.747908115386963" lon="30.698879957199097">
        <ele>650.76</ele>
      </trkpt>
      <trkpt lat="-29.747564792633057" lon="30.69854736328125">
        <ele>650.62</ele>
      </trkpt>
      <trkpt lat="-29.747371673583984" lon="30.69833278656006">
        <ele>650.6</ele>
      </trkpt>
      <trkpt lat="-29.74722146987915" lon="30.698096752166748">
        <ele>651.1</ele>
      </trkpt>
      <trkpt lat="-29.74718928337097" lon="30.697989463806152">
        <ele>651.82</ele>
      </trkpt>
      <trkpt lat="-29.747157096862793" lon="30.697742700576782">
        <ele>652.94</ele>
      </trkpt>
      <trkpt lat="-29.747114181518555" lon="30.696680545806885">
        <ele>654.48</ele>
      </trkpt>
      <trkpt lat="-29.747039079666138" lon="30.69627285003662">
        <ele>655.86</ele>
      </trkpt>
      <trkpt lat="-29.746856689453125" lon="30.69555401802063">
        <ele>657.3</ele>
      </trkpt>
      <trkpt lat="-29.746803045272827" lon="30.695253610610962">
        <ele>659.29</ele>
      </trkpt>
      <trkpt lat="-29.746792316436768" lon="30.695103406906128">
        <ele>661.33</ele>
      </trkpt>
      <trkpt lat="-29.746803045272827" lon="30.694910287857056">
        <ele>663.51</ele>
      </trkpt>
      <trkpt lat="-29.746824502944946" lon="30.694727897644043">
        <ele>665.81</ele>
      </trkpt>
      <trkpt lat="-29.74700689315796" lon="30.69376230239868">
        <ele>668.58</ele>
      </trkpt>
      <trkpt lat="-29.74700689315796" lon="30.69351553916931">
        <ele>671.11</ele>
      </trkpt>
      <trkpt lat="-29.74695324897766" lon="30.693279504776">
        <ele>673.73</ele>
      </trkpt>
      <trkpt lat="-29.746609926223755" lon="30.692206621170044">
        <ele>676.69</ele>
      </trkpt>
      <trkpt lat="-29.7464919090271" lon="30.69202423095703">
        <ele>679.28</ele>
      </trkpt>
      <trkpt lat="-29.746330976486206" lon="30.691852569580078">
        <ele>681.9</ele>
      </trkpt>
      <trkpt lat="-29.746073484420776" lon="30.691680908203125">
        <ele>684.56</ele>
      </trkpt>
      <trkpt lat="-29.74550485610962" lon="30.691359043121338">
        <ele>687.31</ele>
      </trkpt>
      <trkpt lat="-29.745086431503296" lon="30.69109082221985">
        <ele>689.97</ele>
      </trkpt>
      <trkpt lat="-29.7449791431427" lon="30.690983533859253">
        <ele>692.28</ele>
      </trkpt>
      <trkpt lat="-29.744925498962402" lon="30.690897703170776">
        <ele>694.56</ele>
      </trkpt>
      <trkpt lat="-29.744882583618164" lon="30.690747499465942">
        <ele>696.74</ele>
      </trkpt>
      <trkpt lat="-29.744871854782104" lon="30.69056510925293">
        <ele>698.85</ele>
      </trkpt>
      <trkpt lat="-29.74494695663452" lon="30.69009304046631">
        <ele>700.78</ele>
      </trkpt>
      <trkpt lat="-29.74495768547058" lon="30.689889192581177">
        <ele>702.84</ele>
      </trkpt>
      <trkpt lat="-29.744925498962402" lon="30.689717531204224">
        <ele>704.86</ele>
      </trkpt>
      <trkpt lat="-29.744796752929688" lon="30.689406394958496">
        <ele>707.02</ele>
      </trkpt>
      <trkpt lat="-29.74475383758545" lon="30.689256191253662">
        <ele>708.96</ele>
      </trkpt>
      <trkpt lat="-29.74470019340515" lon="30.688494443893433">
        <ele>711.3</ele>
      </trkpt>
      <trkpt lat="-29.744689464569092" lon="30.68830132484436">
        <ele>713.24</ele>
      </trkpt>
      <trkpt lat="-29.74471092224121" lon="30.688108205795288">
        <ele>715.09</ele>
      </trkpt>
      <trkpt lat="-29.74477529525757" lon="30.687936544418335">
        <ele>716.62</ele>
      </trkpt>
      <trkpt lat="-29.744871854782104" lon="30.68780779838562">
        <ele>718.02</ele>
      </trkpt>
      <trkpt lat="-29.744936227798462" lon="30.687754154205322">
        <ele>719.37</ele>
      </trkpt>
      <trkpt lat="-29.745075702667236" lon="30.687689781188965">
        <ele>720.58</ele>
      </trkpt>
      <trkpt lat="-29.745569229125977" lon="30.68758249282837">
        <ele>721.56</ele>
      </trkpt>
      <trkpt lat="-29.74571943283081" lon="30.68751811981201">
        <ele>722.76</ele>
      </trkpt>
      <trkpt lat="-29.745783805847168" lon="30.687485933303833">
        <ele>723.97</ele>
      </trkpt>
      <trkpt lat="-29.745912551879883" lon="30.687367916107178">
        <ele>725.25</ele>
      </trkpt>
      <trkpt lat="-29.74599838256836" lon="30.687228441238403">
        <ele>726.65</ele>
      </trkpt>
      <trkpt lat="-29.746052026748657" lon="30.68707823753357">
        <ele>728.08</ele>
      </trkpt>
      <trkpt lat="-29.746073484420776" lon="30.686895847320557">
        <ele>729.54</ele>
      </trkpt>
      <trkpt lat="-29.746041297912598" lon="30.686670541763306">
        <ele>731.11</ele>
      </trkpt>
      <trkpt lat="-29.745880365371704" lon="30.686177015304565">
        <ele>732.72</ele>
      </trkpt>
      <trkpt lat="-29.745869636535645" lon="30.685994625091553">
        <ele>734.28</ele>
      </trkpt>
      <trkpt lat="-29.745869636535645" lon="30.685898065567017">
        <ele>735.83</ele>
      </trkpt>
      <trkpt lat="-29.745912551879883" lon="30.685704946517944">
        <ele>737.57</ele>
      </trkpt>
      <trkpt lat="-29.746052026748657" lon="30.685436725616455">
        <ele>739.54</ele>
      </trkpt>
      <trkpt lat="-29.74626660346985" lon="30.685125589370728">
        <ele>741.35</ele>
      </trkpt>
      <trkpt lat="-29.74648118019104" lon="30.68485736846924">
        <ele>742.9</ele>
      </trkpt>
      <trkpt lat="-29.746663570404053" lon="30.684664249420166">
        <ele>744.43</ele>
      </trkpt>
      <trkpt lat="-29.747114181518555" lon="30.68433165550232">
        <ele>746.01</ele>
      </trkpt>
      <trkpt lat="-29.74722146987915" lon="30.684224367141724">
        <ele>747.73</ele>
      </trkpt>
      <trkpt lat="-29.747414588928223" lon="30.683956146240234">
        <ele>749.48</ele>
      </trkpt>
      <trkpt lat="-29.747543334960938" lon="30.683720111846924">
        <ele>751.29</ele>
      </trkpt>
      <trkpt lat="-29.74769353866577" lon="30.68334460258484">
        <ele>753.2</ele>
      </trkpt>
      <trkpt lat="-29.747811555862427" lon="30.68284034729004">
        <ele>754.83</ele>
      </trkpt>
      <trkpt lat="-29.747822284698486" lon="30.68255066871643">
        <ele>756.68</ele>
      </trkpt>
      <trkpt lat="-29.747800827026367" lon="30.682443380355835">
        <ele>758.43</ele>
      </trkpt>
      <trkpt lat="-29.74773645401001" lon="30.68232536315918">
        <ele>760.23</ele>
      </trkpt>
      <trkpt lat="-29.747596979141235" lon="30.682207345962524">
        <ele>761.97</ele>
      </trkpt>
      <trkpt lat="-29.747414588928223" lon="30.682142972946167">
        <ele>763.8</ele>
      </trkpt>
      <trkpt lat="-29.747114181518555" lon="30.68211078643799">
        <ele>766.0</ele>
      </trkpt>
      <trkpt lat="-29.74697470664978" lon="30.68205714225769">
        <ele>767.93</ele>
      </trkpt>
      <trkpt lat="-29.746899604797363" lon="30.681982040405273">
        <ele>769.75</ele>
      </trkpt>
      <trkpt lat="-29.746792316436768" lon="30.68185329437256">
        <ele>771.51</ele>
      </trkpt>
      <trkpt lat="-29.746534824371338" lon="30.681381225585938">
        <ele>772.92</ele>
      </trkpt>
      <trkpt lat="-29.746416807174683" lon="30.681252479553223">
        <ele>774.55</ele>
      </trkpt>
      <trkpt lat="-29.745569229125977" lon="30.680683851242065">
        <ele>776.62</ele>
      </trkpt>
      <trkpt lat="-29.745365381240845" lon="30.680522918701172">
        <ele>778.35</ele>
      </trkpt>
      <trkpt lat="-29.74522590637207" lon="30.68036198616028">
        <ele>780.11</ele>
      </trkpt>
      <trkpt lat="-29.745150804519653" lon="30.680201053619385">
        <ele>781.75</ele>
      </trkpt>
      <trkpt lat="-29.745097160339355" lon="30.680018663406372">
        <ele>783.28</ele>
      </trkpt>
      <trkpt lat="-29.745086431503296" lon="30.679922103881836">
        <ele>784.71</ele>
      </trkpt>
      <trkpt lat="-29.745086431503296" lon="30.679246187210083">
        <ele>786.01</ele>
      </trkpt>
      <trkpt lat="-29.74502205848694" lon="30.67884922027588">
        <ele>787.4</ele>
      </trkpt>
      <trkpt lat="-29.74495768547058" lon="30.678634643554688">
        <ele>788.72</ele>
      </trkpt>
      <trkpt lat="-29.744818210601807" lon="30.678377151489258">
        <ele>789.91</ele>
      </trkpt>
      <trkpt lat="-29.74475383758545" lon="30.678259134292603">
        <ele>790.95</ele>
      </trkpt>
      <trkpt lat="-29.744582092389464" lon="30.67803382873535">
        <ele>792.05</ele>
      </trkpt>
      <trkpt lat="-29.74444270133972" lon="30.677905082702637">
        <ele>792.95</ele>
      </trkpt>
      <trkpt lat="-29.74421739578247" lon="30.677744150161743">
        <ele>793.65</ele>
      </trkpt>
      <trkpt lat="-29.74401354789734" lon="30.677636861801147">
        <ele>794.15</ele>
      </trkpt>
      <trkpt lat="-29.743745243176818" lon="30.67755103111267">
        <ele>794.47</ele>
      </trkpt>
      <trkpt lat="-29.743573665618896" lon="30.677518844604492">
        <ele>794.75</ele>
      </trkpt>
      <trkpt lat="-29.74327325820923" lon="30.677518844604492">
        <ele>794.89</ele>
      </trkpt>
      <trkpt lat="-29.743165969848633" lon="30.67754030227661">
        <ele>794.92</ele>
      </trkpt>
      <trkpt lat="-29.742897748947144" lon="30.677626132965088">
        <ele>794.67</ele>
      </trkpt>
      <trkpt lat="-29.742597341537476" lon="30.677776336669922">
        <ele>794.55</ele>
      </trkpt>
      <trkpt lat="-29.74148154258728" lon="30.678420066833496">
        <ele>794.43</ele>
      </trkpt>
      <trkpt lat="-29.741352796554565" lon="30.678473711013794">
        <ele>794.08</ele>
      </trkpt>
      <trkpt lat="-29.74122405052185" lon="30.678495168685913">
        <ele>793.62</ele>
      </trkpt>
      <trkpt lat="-29.741084575653076" lon="30.678473711013794">
        <ele>792.94</ele>
      </trkpt>
      <trkpt lat="-29.74096655845642" lon="30.678409337997437">
        <ele>792.19</ele>
      </trkpt>
      <trkpt lat="-29.740880643948913" lon="30.67832350730896">
        <ele>791.29</ele>
      </trkpt>
      <trkpt lat="-29.740805625915527" lon="30.678173303604126">
        <ele>790.25</ele>
      </trkpt>
      <trkpt lat="-29.740784168243408" lon="30.678023099899292">
        <ele>789.03</ele>
      </trkpt>
      <trkpt lat="-29.740784168243408" lon="30.677883625030518">
        <ele>787.6</ele>
      </trkpt>
      <trkpt lat="-29.740837812423706" lon="30.677679777145386">
        <ele>785.94</ele>
      </trkpt>
      <trkpt lat="-29.740934371948242" lon="30.677497386932373">
        <ele>784.12</ele>
      </trkpt>
      <trkpt lat="-29.74103093147278" lon="30.67733645439148">
        <ele>782.17</ele>
      </trkpt>
      <trkpt lat="-29.741567373275757" lon="30.676724910736084">
        <ele>779.63</ele>
      </trkpt>
      <trkpt lat="-29.74177122116089" lon="30.676413774490356">
        <ele>777.38</ele>
      </trkpt>
      <trkpt lat="-29.741921424865723" lon="30.67609190940857">
        <ele>775.09</ele>
      </trkpt>
      <trkpt lat="-29.7420072555542" lon="30.675694942474365">
        <ele>772.94</ele>
      </trkpt>
      <trkpt lat="-29.742136001586914" lon="30.673924684524536">
        <ele>769.91</ele>
      </trkpt>
      <trkpt lat="-29.742146730422974" lon="30.67330241203308">
        <ele>767.37</ele>
      </trkpt>
      <trkpt lat="-29.742103815078735" lon="30.672401189804077">
        <ele>764.89</ele>
      </trkpt>
      <trkpt lat="-29.742039442062378" lon="30.671253204345703">
        <ele>762.04</ele>
      </trkpt>
      <trkpt lat="-29.74199652671814" lon="30.670899152755737">
        <ele>759.72</ele>
      </trkpt>
      <trkpt lat="-29.741921424865723" lon="30.670706033706665">
        <ele>757.66</ele>
      </trkpt>
      <trkpt lat="-29.741857051849365" lon="30.67059874534607">
        <ele>755.87</ele>
      </trkpt>
      <trkpt lat="-29.74171757698059" lon="30.670437812805176">
        <ele>754.21</ele>
      </trkpt>
      <trkpt lat="-29.741578102111816" lon="30.670276880264282">
        <ele>752.35</ele>
      </trkpt>
      <trkpt lat="-29.741438627243042" lon="30.670158863067627">
        <ele>750.72</ele>
      </trkpt>
      <trkpt lat="-29.741331338882446" lon="30.67008376121521">
        <ele>749.28</ele>
      </trkpt>
      <trkpt lat="-29.74120259284973" lon="30.670019388198853">
        <ele>747.96</ele>
      </trkpt>
      <trkpt lat="-29.741073846817017" lon="30.669987201690674">
        <ele>746.81</ele>
      </trkpt>
      <trkpt lat="-29.74098801612854" lon="30.669976472854614">
        <ele>745.8</ele>
      </trkpt>
      <trkpt lat="-29.740827083587646" lon="30.669987201690674">
        <ele>744.77</ele>
      </trkpt>
      <trkpt lat="-29.740580320358276" lon="30.67007303237915">
        <ele>743.79</ele>
      </trkpt>
      <trkpt lat="-29.739990234375" lon="30.67036271095276">
        <ele>742.99</ele>
      </trkpt>
      <trkpt lat="-29.739593267440796" lon="30.67059874534607">
        <ele>742.44</ele>
      </trkpt>
      <trkpt lat="-29.739443063735962" lon="30.670641660690308">
        <ele>741.9</ele>
      </trkpt>
      <trkpt lat="-29.739325046539307" lon="30.670673847198486">
        <ele>741.44</ele>
      </trkpt>
      <trkpt lat="-29.739196300506592" lon="30.670663118362427">
        <ele>740.84</ele>
      </trkpt>
      <trkpt lat="-29.73901391029358" lon="30.67060947418213">
        <ele>740.3</ele>
      </trkpt>
      <trkpt lat="-29.738874435424805" lon="30.670480728149414">
        <ele>739.47</ele>
      </trkpt>
      <trkpt lat="-29.738810062408447" lon="30.67036271095276">
        <ele>738.58</ele>
      </trkpt>
      <trkpt lat="-29.73848819732666" lon="30.669525861740112">
        <ele>737.46</ele>
      </trkpt>
      <trkpt lat="-29.738155603408813" lon="30.66879630088806">
        <ele>736.19</ele>
      </trkpt>
      <trkpt lat="-29.738101959228516" lon="30.668528079986572">
        <ele>735.01</ele>
      </trkpt>
      <trkpt lat="-29.738069772720337" lon="30.66779851913452">
        <ele>733.44</ele>
      </trkpt>
      <trkpt lat="-29.738048315048218" lon="30.667659044265747">
        <ele>732.18</ele>
      </trkpt>
      <trkpt lat="-29.73801612854004" lon="30.667519569396973">
        <ele>730.83</ele>
      </trkpt>
      <trkpt lat="-29.73795175552368" lon="30.667390823364258">
        <ele>729.39</ele>
      </trkpt>
      <trkpt lat="-29.737865924835205" lon="30.667283535003662">
        <ele>727.87</ele>
      </trkpt>
      <trkpt lat="-29.73772644996643" lon="30.667133331298828">
        <ele>726.11</ele>
      </trkpt>
      <trkpt lat="-29.737426042556763" lon="30.66684365272522">
        <ele>724.24</ele>
      </trkpt>
      <trkpt lat="-29.73650336265564" lon="30.66582441329956">
        <ele>721.97</ele>
      </trkpt>
      <trkpt lat="-29.736149311065674" lon="30.665534734725952">
        <ele>719.59</ele>
      </trkpt>
      <trkpt lat="-29.73596692085266" lon="30.665416717529297">
        <ele>717.62</ele>
      </trkpt>
      <trkpt lat="-29.735569953918457" lon="30.665212869644165">
        <ele>715.59</ele>
      </trkpt>
      <trkpt lat="-29.735162258148193" lon="30.66507339477539">
        <ele>713.49</ele>
      </trkpt>
      <trkpt lat="-29.734840393066406" lon="30.665009021759033">
        <ele>711.33</ele>
      </trkpt>
      <trkpt lat="-29.73421812057495" lon="30.665019750595093">
        <ele>709.17</ele>
      </trkpt>
      <trkpt lat="-29.73421803675592" lon="30.665019750595093">
        <ele>707.6</ele>
      </trkpt>
      <trkpt lat="-29.734024917706847" lon="30.665009021759033">
        <ele>706.01</ele>
      </trkpt>
      <trkpt lat="-29.73377823829651" lon="30.664955377578735">
        <ele>704.63</ele>
      </trkpt>
      <trkpt lat="-29.733681678771973" lon="30.664923191070557">
        <ele>703.08</ele>
      </trkpt>
      <trkpt lat="-29.73352074623108" lon="30.66483736038208">
        <ele>701.45</ele>
      </trkpt>
      <trkpt lat="-29.73320960998535" lon="30.66462278366089">
        <ele>699.67</ele>
      </trkpt>
      <trkpt lat="-29.733048677444458" lon="30.664483308792114">
        <ele>698.11</ele>
      </trkpt>
      <trkpt lat="-29.732394218444824" lon="30.6638503074646">
        <ele>696.34</ele>
      </trkpt>
      <trkpt lat="-29.732147455215454" lon="30.66358208656311">
        <ele>695.7</ele>
      </trkpt>
      <trkpt lat="-29.732072269544005" lon="30.663474798202515">
        <ele>695.35</ele>
      </trkpt>
      <trkpt lat="-29.73195425234735" lon="30.663281679153442">
        <ele>695.32</ele>
      </trkpt>
      <trkpt lat="-29.731825506314635" lon="30.662927627563477">
        <ele>695.77</ele>
      </trkpt>
      <trkpt lat="-29.73175040446222" lon="30.662723779678345">
        <ele>696.89</ele>
      </trkpt>
      <trkpt lat="-29.731396352872252" lon="30.661489963531494">
        <ele>698.98</ele>
      </trkpt>
      <trkpt lat="-29.731353437528014" lon="30.66137194633484">
        <ele>699.97</ele>
      </trkpt>
      <trkpt lat="-29.731106674298644" lon="30.660417079925537">
        <ele>701.27</ele>
      </trkpt>
      <trkpt lat="-29.73109762184322" lon="30.660353377461433">
        <ele>701.97</ele>
      </trkpt>
      <trkpt lat="-29.731085300445557" lon="30.660266876220703">
        <ele>708.65</ele>
      </trkpt>
      <trkpt lat="-29.731096029281616" lon="30.659987926483154">
        <ele>708.96</ele>
      </trkpt>
      <trkpt lat="-29.731117486953735" lon="30.65983772277832">
        <ele>709.59</ele>
      </trkpt>
      <trkpt lat="-29.731203317642212" lon="30.65956950187683">
        <ele>710.78</ele>
      </trkpt>
      <trkpt lat="-29.731696844100952" lon="30.65862536430359">
        <ele>712.19</ele>
      </trkpt>
      <trkpt lat="-29.73193279467523" lon="30.658249855041504">
        <ele>713.57</ele>
      </trkpt>
      <trkpt lat="-29.732136726379395" lon="30.657938718795776">
        <ele>714.44</ele>
      </trkpt>
      <trkpt lat="-29.73221182823181" lon="30.657788515090942">
        <ele>715.21</ele>
      </trkpt>
      <trkpt lat="-29.73226547241211" lon="30.65761685371399">
        <ele>716.04</ele>
      </trkpt>
      <trkpt lat="-29.73227620124817" lon="30.657509565353394">
        <ele>716.88</ele>
      </trkpt>
      <trkpt lat="-29.73226547241211" lon="30.65737009048462">
        <ele>717.78</ele>
      </trkpt>
      <trkpt lat="-29.73224401473999" lon="30.657294988632202">
        <ele>718.63</ele>
      </trkpt>
      <trkpt lat="-29.732136726379395" lon="30.65710186958313">
        <ele>719.47</ele>
      </trkpt>
      <trkpt lat="-29.73201870918274" lon="30.656983852386475">
        <ele>720.22</ele>
      </trkpt>
      <trkpt lat="-29.731900608167052" lon="30.656919479370117">
        <ele>720.82</ele>
      </trkpt>
      <trkpt lat="-29.73173975944519" lon="30.656898021697998">
        <ele>721.39</ele>
      </trkpt>
      <trkpt lat="-29.731525182724" lon="30.656930208206177">
        <ele>721.93</ele>
      </trkpt>
      <trkpt lat="-29.72951889038086" lon="30.657681226730347">
        <ele>723.51</ele>
      </trkpt>
      <trkpt lat="-29.72929358482361" lon="30.657777786254883">
        <ele>724.14</ele>
      </trkpt>
      <trkpt lat="-29.728392362594604" lon="30.658292770385742">
        <ele>724.97</ele>
      </trkpt>
      <trkpt lat="-29.728070413693786" lon="30.658442974090576">
        <ele>725.45</ele>
      </trkpt>
      <trkpt lat="-29.727823734283447" lon="30.658496618270874">
        <ele>725.52</ele>
      </trkpt>
      <trkpt lat="-29.727705717086792" lon="30.658507347106934">
        <ele>725.28</ele>
      </trkpt>
      <trkpt lat="-29.727416038513184" lon="30.658475160598755">
        <ele>724.89</ele>
      </trkpt>
      <trkpt lat="-29.727104902267456" lon="30.65838932991028">
        <ele>724.42</ele>
      </trkpt>
      <trkpt lat="-29.72678303718567" lon="30.658239126205444">
        <ele>723.72</ele>
      </trkpt>
      <trkpt lat="-29.726632833480835" lon="30.658153295516968">
        <ele>722.94</ele>
      </trkpt>
      <trkpt lat="-29.726375341415405" lon="30.657960176467896">
        <ele>722.14</ele>
      </trkpt>
      <trkpt lat="-29.726064205169678" lon="30.65757393836975">
        <ele>721.37</ele>
      </trkpt>
      <trkpt lat="-29.725914001464844" lon="30.65735936164856">
        <ele>720.48</ele>
      </trkpt>
      <trkpt lat="-29.725806713104248" lon="30.65712332725525">
        <ele>719.76</ele>
      </trkpt>
      <trkpt lat="-29.72572079859674" lon="30.65688729286194">
        <ele>719.18</ele>
      </trkpt>
      <trkpt lat="-29.72569934092462" lon="30.65681219100952">
        <ele>718.89</ele>
      </trkpt>
      <trkpt lat="-29.725602865219116" lon="30.656404495239258">
        <ele>718.73</ele>
      </trkpt>
      <trkpt lat="-29.72551703453064" lon="30.655932426452637">
        <ele>719.01</ele>
      </trkpt>
      <trkpt lat="-29.725516950711608" lon="30.655932426452637">
        <ele>719.44</ele>
      </trkpt>
      <trkpt lat="-29.725313102826476" lon="30.65409779548645">
        <ele>720.14</ele>
      </trkpt>
      <trkpt lat="-29.725302373990417" lon="30.653947591781616">
        <ele>721.14</ele>
      </trkpt>
      <trkpt lat="-29.725055610761046" lon="30.651683807373047">
        <ele>722.69</ele>
      </trkpt>
      <trkpt lat="-29.72500205039978" lon="30.65108299255371">
        <ele>724.25</ele>
      </trkpt>
      <trkpt lat="-29.72501277923584" lon="30.650761127471924">
        <ele>725.9</ele>
      </trkpt>
      <trkpt lat="-29.725055610761046" lon="30.650417804718018">
        <ele>727.58</ele>
      </trkpt>
      <trkpt lat="-29.72519508562982" lon="30.64987063407898">
        <ele>729.15</ele>
      </trkpt>
      <trkpt lat="-29.725313186645508" lon="30.649495124816895">
        <ele>730.84</ele>
      </trkpt>
      <trkpt lat="-29.72549557685852" lon="30.649044513702393">
        <ele>732.91</ele>
      </trkpt>
      <trkpt lat="-29.725645696744323" lon="30.64881920814514">
        <ele>734.61</ele>
      </trkpt>
      <trkpt lat="-29.726364612579346" lon="30.64789652824402">
        <ele>736.22</ele>
      </trkpt>
      <trkpt lat="-29.726868867874146" lon="30.647209882736206">
        <ele>737.42</ele>
      </trkpt>
      <trkpt lat="-29.727137088775635" lon="30.646802186965942">
        <ele>738.07</ele>
      </trkpt>
      <trkpt lat="-29.72724437713623" lon="30.64658761024475">
        <ele>738.55</ele>
      </trkpt>
      <trkpt lat="-29.727308666333556" lon="30.64640522003174">
        <ele>738.99</ele>
      </trkpt>
      <trkpt lat="-29.727362394332886" lon="30.646158456802368">
        <ele>739.39</ele>
      </trkpt>
      <trkpt lat="-29.727383852005005" lon="30.6458580493927">
        <ele>739.9</ele>
      </trkpt>
      <trkpt lat="-29.727373123168945" lon="30.645568370819092">
        <ele>740.55</ele>
      </trkpt>
      <trkpt lat="-29.727297937497497" lon="30.645171403884888">
        <ele>741.21</ele>
      </trkpt>
      <trkpt lat="-29.727094173431396" lon="30.644237995147705">
        <ele>742.24</ele>
      </trkpt>
      <trkpt lat="-29.727072715759277" lon="30.644066333770752">
        <ele>742.72</ele>
      </trkpt>
      <trkpt lat="-29.727104902267456" lon="30.64387321472168">
        <ele>743.19</ele>
      </trkpt>
      <trkpt lat="-29.727137088775635" lon="30.643776655197144">
        <ele>743.62</ele>
      </trkpt>
      <trkpt lat="-29.72722291946411" lon="30.64360499382019">
        <ele>744.15</ele>
      </trkpt>
      <trkpt lat="-29.727383852005005" lon="30.643444061279297">
        <ele>744.72</ele>
      </trkpt>
      <trkpt lat="-29.72753405570984" lon="30.64335823059082">
        <ele>745.23</ele>
      </trkpt>
      <trkpt lat="-29.727680487558246" lon="30.643320009112358">
        <ele>745.63</ele>
      </trkpt>
      <trkpt lat="-29.72778081893921" lon="30.643293857574463">
        <ele>747.32</ele>
      </trkpt>
      <trkpt lat="-29.727866649627686" lon="30.643272399902344">
        <ele>747.76</ele>
      </trkpt>
      <trkpt lat="-29.727866649627686" lon="30.64289689064026">
        <ele>748.4</ele>
      </trkpt>
      <trkpt lat="-29.727866565808654" lon="30.64289689064026">
        <ele>748.83</ele>
      </trkpt>
      <trkpt lat="-29.727866649627686" lon="30.642285346984863">
        <ele>749.52</ele>
      </trkpt>
      <trkpt lat="-29.727866565808654" lon="30.642285346984863">
        <ele>749.89</ele>
      </trkpt>
      <trkpt lat="-29.727866649627686" lon="30.642199516296387">
        <ele>750.16</ele>
      </trkpt>
      <trkpt lat="-29.727866565808654" lon="30.642199516296387">
        <ele>750.28</ele>
      </trkpt>
      <trkpt lat="-29.727866649627686" lon="30.642070770263672">
        <ele>750.36</ele>
      </trkpt>
      <trkpt lat="-29.727866565808654" lon="30.642070770263672">
        <ele>750.28</ele>
      </trkpt>
      <trkpt lat="-29.727866649627686" lon="30.64158797264099">
        <ele>750.23</ele>
      </trkpt>
      <trkpt lat="-29.727866565808654" lon="30.64158797264099">
        <ele>750.01</ele>
      </trkpt>
      <trkpt lat="-29.727866649627686" lon="30.641502141952515">
        <ele>749.74</ele>
      </trkpt>
      <trkpt lat="-29.727866565808654" lon="30.641502141952515">
        <ele>749.39</ele>
      </trkpt>
      <trkpt lat="-29.727866649627686" lon="30.64138412475586">
        <ele>749.03</ele>
      </trkpt>
      <trkpt lat="-29.727866565808654" lon="30.64138412475586">
        <ele>748.63</ele>
      </trkpt>
      <trkpt lat="-29.727855836972594" lon="30.640193223953247">
        <ele>747.42</ele>
      </trkpt>
      <trkpt lat="-29.727855836972594" lon="30.639989376068115">
        <ele>747.02</ele>
      </trkpt>
      <trkpt lat="-29.727845108136535" lon="30.639452934265137">
        <ele>746.68</ele>
      </trkpt>
      <trkpt lat="-29.727813005447388" lon="30.638229846954346">
        <ele>747.07</ele>
      </trkpt>
      <trkpt lat="-29.72772709093988" lon="30.63736081123352">
        <ele>747.87</ele>
      </trkpt>
      <trkpt lat="-29.72770563326776" lon="30.637189149856567">
        <ele>748.26</ele>
      </trkpt>
      <trkpt lat="-29.72767344675958" lon="30.636920928955078">
        <ele>748.88</ele>
      </trkpt>
      <trkpt lat="-29.727598344907165" lon="30.63636302947998">
        <ele>749.73</ele>
      </trkpt>
      <trkpt lat="-29.727523243054748" lon="30.635751485824585">
        <ele>750.64</ele>
      </trkpt>
      <trkpt lat="-29.727523243054748" lon="30.635708570480347">
        <ele>751.42</ele>
      </trkpt>
      <trkpt lat="-29.727458953857422" lon="30.635225772857666">
        <ele>752.34</ele>
      </trkpt>
      <trkpt lat="-29.727426767349243" lon="30.63512921333313">
        <ele>753.26</ele>
      </trkpt>
      <trkpt lat="-29.727373039349914" lon="30.634678602218628">
        <ele>754.16</ele>
      </trkpt>
      <trkpt lat="-29.727287208661437" lon="30.63408851623535">
        <ele>755.42</ele>
      </trkpt>
      <trkpt lat="-29.727180004119873" lon="30.633262395858765">
        <ele>757.18</ele>
      </trkpt>
      <trkpt lat="-29.72717992030084" lon="30.633262395858765">
        <ele>758.25</ele>
      </trkpt>
      <trkpt lat="-29.727029716596007" lon="30.632221698760986">
        <ele>759.44</ele>
      </trkpt>
      <trkpt lat="-29.72701907157898" lon="30.632050037384033">
        <ele>760.69</ele>
      </trkpt>
      <trkpt lat="-29.726900970563293" lon="30.631567239761353">
        <ele>762.14</ele>
      </trkpt>
      <trkpt lat="-29.726772224530578" lon="30.631062984466553">
        <ele>763.4</ele>
      </trkpt>
      <trkpt lat="-29.726707935333252" lon="30.63084840774536">
        <ele>764.38</ele>
      </trkpt>
      <trkpt lat="-29.72670785151422" lon="30.63084840774536">
        <ele>765.41</ele>
      </trkpt>
      <trkpt lat="-29.72647860646248" lon="30.630127228796482">
        <ele>766.82</ele>
      </trkpt>
      <trkpt lat="-29.725817358121276" lon="30.628048181533813">
        <ele>785.27</ele>
      </trkpt>
      <trkpt lat="-29.72548484802246" lon="30.627028942108154">
        <ele>790.69</ele>
      </trkpt>
      <trkpt lat="-29.72525954246521" lon="30.6264066696167">
        <ele>792.94</ele>
      </trkpt>
      <trkpt lat="-29.725205898284912" lon="30.62618136405945">
        <ele>793.77</ele>
      </trkpt>
      <trkpt lat="-29.725098526105285" lon="30.62592387199402">
        <ele>794.01</ele>
      </trkpt>
      <trkpt lat="-29.725098609924316" lon="30.62592387199402">
        <ele>793.84</ele>
      </trkpt>
      <trkpt lat="-29.724841117858887" lon="30.625280141830444">
        <ele>793.33</ele>
      </trkpt>
      <trkpt lat="-29.724261676892638" lon="30.62411069869995">
        <ele>792.98</ele>
      </trkpt>
      <trkpt lat="-29.724047100171447" lon="30.62366008758545">
        <ele>791.69</ele>
      </trkpt>
      <trkpt lat="-29.723811149597168" lon="30.62314510345459">
        <ele>790.15</ele>
      </trkpt>
      <trkpt lat="-29.723682403564453" lon="30.622780323028564">
        <ele>788.65</ele>
      </trkpt>
      <trkpt lat="-29.72355365753174" lon="30.622297525405884">
        <ele>786.88</ele>
      </trkpt>
      <trkpt lat="-29.72345701418817" lon="30.621782541275024">
        <ele>784.66</ele>
      </trkpt>
      <trkpt lat="-29.723457098007202" lon="30.621782541275024">
        <ele>783.19</ele>
      </trkpt>
      <trkpt lat="-29.723414098843932" lon="30.62142848968506">
        <ele>781.55</ele>
      </trkpt>
      <trkpt lat="-29.723349725827575" lon="30.620838403701782">
        <ele>780.18</ele>
      </trkpt>
      <trkpt lat="-29.723306810483336" lon="30.62041997909546">
        <ele>779.45</ele>
      </trkpt>
      <trkpt lat="-29.72324243746698" lon="30.619969367980957">
        <ele>779.22</ele>
      </trkpt>
      <trkpt lat="-29.72323179244995" lon="30.619765520095825">
        <ele>779.15</ele>
      </trkpt>
      <trkpt lat="-29.72323179244995" lon="30.619540214538574">
        <ele>779.19</ele>
      </trkpt>
      <trkpt lat="-29.72325316630304" lon="30.619250535964966">
        <ele>779.29</ele>
      </trkpt>
      <trkpt lat="-29.72328543663025" lon="30.619003772735596">
        <ele>779.52</ele>
      </trkpt>
      <trkpt lat="-29.723339080810547" lon="30.618799924850464">
        <ele>779.93</ele>
      </trkpt>
      <trkpt lat="-29.723435640335083" lon="30.618510246276855">
        <ele>780.3</ele>
      </trkpt>
      <trkpt lat="-29.72354292869568" lon="30.618274211883545">
        <ele>780.52</ele>
      </trkpt>
      <trkpt lat="-29.723564386367798" lon="30.61816692352295">
        <ele>780.71</ele>
      </trkpt>
      <trkpt lat="-29.724068641662598" lon="30.617201328277588">
        <ele>781.07</ele>
      </trkpt>
      <trkpt lat="-29.726096391677856" lon="30.613220930099487">
        <ele>780.48</ele>
      </trkpt>
      <trkpt lat="-29.726128578186035" lon="30.61311364173889">
        <ele>780.22</ele>
      </trkpt>
      <trkpt lat="-29.72650400362909" lon="30.61237335205078">
        <ele>779.86</ele>
      </trkpt>
      <trkpt lat="-29.726815139874816" lon="30.611793994903564">
        <ele>779.54</ele>
      </trkpt>
      <trkpt lat="-29.727394497022033" lon="30.610731840133667">
        <ele>778.79</ele>
      </trkpt>
      <trkpt lat="-29.727652072906494" lon="30.610291957855225">
        <ele>778.8</ele>
      </trkpt>
      <trkpt lat="-29.72774863243103" lon="30.61014175415039">
        <ele>778.64</ele>
      </trkpt>
      <trkpt lat="-29.728209972381592" lon="30.609283447265625">
        <ele>778.26</ele>
      </trkpt>
      <trkpt lat="-29.728381633758545" lon="30.60890793800354">
        <ele>777.9</ele>
      </trkpt>
      <trkpt lat="-29.728660583496094" lon="30.608242750167847">
        <ele>777.45</ele>
      </trkpt>
      <trkpt lat="-29.729143381118774" lon="30.606987476348877">
        <ele>776.98</ele>
      </trkpt>
      <trkpt lat="-29.729197025299072" lon="30.606794357299805">
        <ele>776.36</ele>
      </trkpt>
      <trkpt lat="-29.729390060529113" lon="30.606279373168945">
        <ele>775.63</ele>
      </trkpt>
      <trkpt lat="-29.729572450742126" lon="30.605807304382324">
        <ele>774.8</ele>
      </trkpt>
      <trkpt lat="-29.729872858151793" lon="30.605077743530273">
        <ele>773.32</ele>
      </trkpt>
      <trkpt lat="-29.73002314567566" lon="30.60470223426819">
        <ele>771.45</ele>
      </trkpt>
      <trkpt lat="-29.730108976364136" lon="30.604541301727295">
        <ele>769.19</ele>
      </trkpt>
      <trkpt lat="-29.73074189387262" lon="30.6029212474823">
        <ele>765.66</ele>
      </trkpt>
      <trkpt lat="-29.73144999705255" lon="30.601097345352173">
        <ele>761.59</ele>
      </trkpt>
      <trkpt lat="-29.731557285413146" lon="30.600839853286743">
        <ele>758.33</ele>
      </trkpt>
      <trkpt lat="-29.731664657592773" lon="30.600550174713135">
        <ele>755.15</ele>
      </trkpt>
      <trkpt lat="-29.731804132461548" lon="30.600099563598633">
        <ele>752.08</ele>
      </trkpt>
      <trkpt lat="-29.731868421658874" lon="30.59967041015625">
        <ele>749.35</ele>
      </trkpt>
      <trkpt lat="-29.731900691986084" lon="30.599273443222046">
        <ele>746.91</ele>
      </trkpt>
      <trkpt lat="-29.731943607330322" lon="30.596805810928345">
        <ele>744.51</ele>
      </trkpt>
      <trkpt lat="-29.73194352351129" lon="30.596805810928345">
        <ele>743.85</ele>
      </trkpt>
      <trkpt lat="-29.73197571001947" lon="30.595067739486694">
        <ele>744.02</ele>
      </trkpt>
      <trkpt lat="-29.73204016685486" lon="30.591752529144287">
        <ele>746.37</ele>
      </trkpt>
      <trkpt lat="-29.732050895690918" lon="30.591505765914917">
        <ele>747.7</ele>
      </trkpt>
      <trkpt lat="-29.732088278979063" lon="30.591145930811763">
        <ele>749.49</ele>
      </trkpt>
      <trkpt lat="-29.732088278979063" lon="30.591146014630795">
        <ele>752.96</ele>
      </trkpt>
      <trkpt lat="-29.732136642560363" lon="30.59067964553833">
        <ele>752.9</ele>
      </trkpt>
      <trkpt lat="-29.732201099395752" lon="30.590357780456543">
        <ele>752.6</ele>
      </trkpt>
      <trkpt lat="-29.73245859146118" lon="30.590293407440186">
        <ele>752.3</ele>
      </trkpt>
      <trkpt lat="-29.73245850764215" lon="30.590293407440186">
        <ele>752.07</ele>
      </trkpt>
      <trkpt lat="-29.733102321624756" lon="30.590121746063232">
        <ele>751.51</ele>
      </trkpt>
      <trkpt lat="-29.733134508132935" lon="30.58989644050598">
        <ele>751.76</ele>
      </trkpt>
      <trkpt lat="-29.733134424313903" lon="30.58989644050598">
        <ele>751.81</ele>
      </trkpt>
      <trkpt lat="-29.733150685206056" lon="30.589803317561746">
        <ele>752.01</ele>
      </trkpt>
      <trkpt lat="-29.733306169509888" lon="30.5889093875885">
        <ele>754.57</ele>
      </trkpt>
      <trkpt lat="-29.733306085690856" lon="30.5889093875885">
        <ele>755.3</ele>
      </trkpt>
      <trkpt lat="-29.733402645215392" lon="30.588372945785522">
        <ele>756.35</ele>
      </trkpt>
      <trkpt lat="-29.7334885597229" lon="30.58792233467102">
        <ele>757.19</ele>
      </trkpt>
      <trkpt lat="-29.733563661575317" lon="30.587793588638306">
        <ele>757.78</ele>
      </trkpt>
      <trkpt lat="-29.733606576919556" lon="30.587772130966187">
        <ele>758.33</ele>
      </trkpt>
      <trkpt lat="-29.733649492263794" lon="30.587750673294067">
        <ele>758.94</ele>
      </trkpt>
      <trkpt lat="-29.73376750946045" lon="30.587750673294067">
        <ele>759.8</ele>
      </trkpt>
      <trkpt lat="-29.734282409772277" lon="30.587825775146484">
        <ele>761.12</ele>
      </trkpt>
      <trkpt lat="-29.734593629837036" lon="30.587857961654663">
        <ele>762.17</ele>
      </trkpt>
      <trkpt lat="-29.73467937670648" lon="30.587514638900757">
        <ele>762.6</ele>
      </trkpt>
      <trkpt lat="-29.734772080555558" lon="30.587193947285414">
        <ele>763.1</ele>
      </trkpt>
      <trkpt lat="-29.734772080555558" lon="30.587194031104445">
        <ele>765.19</ele>
      </trkpt>
      <trkpt lat="-29.734818851575255" lon="30.587031841278076">
        <ele>765.63</ele>
      </trkpt>
      <trkpt lat="-29.734893953427672" lon="30.586752891540527">
        <ele>765.99</ele>
      </trkpt>
      <trkpt lat="-29.735119342803955" lon="30.58592677116394">
        <ele>766.11</ele>
      </trkpt>
      <trkpt lat="-29.73528027534485" lon="30.585497617721558">
        <ele>765.65</ele>
      </trkpt>
      <trkpt lat="-29.73546266555786" lon="30.58520793914795">
        <ele>764.6</ele>
      </trkpt>
      <trkpt lat="-29.735591411590576" lon="30.585025548934937">
        <ele>763.25</ele>
      </trkpt>
      <trkpt lat="-29.736095583066344" lon="30.58446764945984">
        <ele>761.41</ele>
      </trkpt>
      <trkpt lat="-29.736299430951476" lon="30.58418869972229">
        <ele>759.3</ele>
      </trkpt>
      <trkpt lat="-29.736299514770508" lon="30.58418869972229">
        <ele>757.84</ele>
      </trkpt>
      <trkpt lat="-29.736374616622925" lon="30.584027767181396">
        <ele>756.21</ele>
      </trkpt>
      <trkpt lat="-29.73647117614746" lon="30.58372735977173">
        <ele>754.45</ele>
      </trkpt>
      <trkpt lat="-29.73650336265564" lon="30.583566427230835">
        <ele>752.98</ele>
      </trkpt>
      <trkpt lat="-29.7365140914917" lon="30.583276748657227">
        <ele>751.52</ele>
      </trkpt>
      <trkpt lat="-29.73657578229904" lon="30.582474935799837">
        <ele>749.84</ele>
      </trkpt>
      <trkpt lat="-29.736578464508057" lon="30.58243989944458">
        <ele>750.32</ele>
      </trkpt>
      <trkpt lat="-29.736567735671997" lon="30.582257509231567">
        <ele>750.94</ele>
      </trkpt>
      <trkpt lat="-29.73653554916382" lon="30.582085847854614">
        <ele>751.59</ele>
      </trkpt>
      <trkpt lat="-29.736449718475342" lon="30.581817626953125">
        <ele>752.3</ele>
      </trkpt>
      <trkpt lat="-29.736117124557495" lon="30.581141710281372">
        <ele>752.94</ele>
      </trkpt>
      <trkpt lat="-29.736052751541138" lon="30.58097004890442">
        <ele>753.18</ele>
      </trkpt>
      <trkpt lat="-29.73599910736084" lon="30.580809116363525">
        <ele>753.33</ele>
      </trkpt>
      <trkpt lat="-29.73597764968872" lon="30.580615997314453">
        <ele>753.21</ele>
      </trkpt>
      <trkpt lat="-29.7360098361969" lon="30.580251216888428">
        <ele>752.94</ele>
      </trkpt>
      <trkpt lat="-29.736138498410583" lon="30.579242706298828">
        <ele>752.36</ele>
      </trkpt>
      <trkpt lat="-29.73624578677118" lon="30.57844877243042">
        <ele>751.19</ele>
      </trkpt>
      <trkpt lat="-29.736342430114746" lon="30.577762126922607">
        <ele>749.8</ele>
      </trkpt>
      <trkpt lat="-29.736363887786865" lon="30.577322244644165">
        <ele>748.27</ele>
      </trkpt>
      <trkpt lat="-29.736353158950806" lon="30.577107667922974">
        <ele>747.1</ele>
      </trkpt>
      <trkpt lat="-29.736320972442627" lon="30.576882362365723">
        <ele>746.41</ele>
      </trkpt>
      <trkpt lat="-29.73624587059021" lon="30.576646327972412">
        <ele>746.02</ele>
      </trkpt>
      <trkpt lat="-29.736170768737793" lon="30.57645320892334">
        <ele>745.65</ele>
      </trkpt>
      <trkpt lat="-29.736084938049316" lon="30.576281547546387">
        <ele>745.11</ele>
      </trkpt>
      <trkpt lat="-29.735945463180542" lon="30.576077699661255">
        <ele>744.56</ele>
      </trkpt>
      <trkpt lat="-29.73528563976288" lon="30.575233474373817">
        <ele>743.91</ele>
      </trkpt>
      <trkpt lat="-29.73521590232849" lon="30.575144290924072">
        <ele>740.31</ele>
      </trkpt>
      <trkpt lat="-29.73499059677124" lon="30.574833154678345">
        <ele>739.79</ele>
      </trkpt>
      <trkpt lat="-29.73471164703369" lon="30.574404001235962">
        <ele>739.29</ele>
      </trkpt>
      <trkpt lat="-29.734421968460083" lon="30.573824644088745">
        <ele>738.6</ele>
      </trkpt>
      <trkpt lat="-29.734325408935547" lon="30.573556423187256">
        <ele>738.37</ele>
      </trkpt>
      <trkpt lat="-29.734143018722534" lon="30.573009252548218">
        <ele>738.66</ele>
      </trkpt>
      <trkpt lat="-29.734078645706177" lon="30.572751760482788">
        <ele>739.5</ele>
      </trkpt>
      <trkpt lat="-29.73403573036194" lon="30.572504997253418">
        <ele>741.02</ele>
      </trkpt>
      <trkpt lat="-29.73398208618164" lon="30.572097301483154">
        <ele>742.98</ele>
      </trkpt>
      <trkpt lat="-29.73378896713257" lon="30.570005178451538">
        <ele>747.53</ele>
      </trkpt>
      <trkpt lat="-29.73373532295227" lon="30.569833517074585">
        <ele>749.79</ele>
      </trkpt>
      <trkpt lat="-29.733627950772643" lon="30.569618940353394">
        <ele>751.72</ele>
      </trkpt>
      <trkpt lat="-29.733402729034424" lon="30.569329261779785">
        <ele>753.35</ele>
      </trkpt>
      <trkpt lat="-29.73325252532959" lon="30.56920051574707">
        <ele>754.69</ele>
      </trkpt>
      <trkpt lat="-29.732855474576354" lon="30.56893229484558">
        <ele>755.52</ele>
      </trkpt>
      <trkpt lat="-29.732544422149658" lon="30.56871771812439">
        <ele>755.91</ele>
      </trkpt>
      <trkpt lat="-29.73225474357605" lon="30.56847095489502">
        <ele>756.39</ele>
      </trkpt>
      <trkpt lat="-29.732115268707275" lon="30.568256378173828">
        <ele>756.84</ele>
      </trkpt>
      <trkpt lat="-29.732050895690918" lon="30.568116903305054">
        <ele>757.32</ele>
      </trkpt>
      <trkpt lat="-29.73196506500244" lon="30.567870140075684">
        <ele>757.97</ele>
      </trkpt>
      <trkpt lat="-29.731643199920654" lon="30.566518306732178">
        <ele>758.57</ele>
      </trkpt>
      <trkpt lat="-29.731599865481257" lon="30.56630884297192">
        <ele>758.37</ele>
      </trkpt>
      <trkpt lat="-29.73151445388794" lon="30.565896034240723">
        <ele>752.16</ele>
      </trkpt>
      <trkpt lat="-29.731332063674927" lon="30.56495189666748">
        <ele>750.28</ele>
      </trkpt>
      <trkpt lat="-29.73123550415039" lon="30.564383268356323">
        <ele>748.28</ele>
      </trkpt>
      <trkpt lat="-29.73096719942987" lon="30.56244134902954">
        <ele>747.48</ele>
      </trkpt>
      <trkpt lat="-29.730902910232544" lon="30.561786890029907">
        <ele>747.22</ele>
      </trkpt>
      <trkpt lat="-29.73079562187195" lon="30.56020975112915">
        <ele>748.12</ele>
      </trkpt>
      <trkpt lat="-29.73074189387262" lon="30.55900812149048">
        <ele>749.63</ele>
      </trkpt>
      <trkpt lat="-29.73073124885559" lon="30.55845022201538">
        <ele>751.0</ele>
      </trkpt>
      <trkpt lat="-29.7307204362005" lon="30.556336641311646">
        <ele>752.09</ele>
      </trkpt>
      <trkpt lat="-29.73072052001953" lon="30.55572509765625">
        <ele>754.03</ele>
      </trkpt>
      <trkpt lat="-29.73074197769165" lon="30.554652214050293">
        <ele>756.34</ele>
      </trkpt>
      <trkpt lat="-29.730838537216187" lon="30.553654432296753">
        <ele>758.57</ele>
      </trkpt>
      <trkpt lat="-29.730838537216187" lon="30.553407669067383">
        <ele>760.22</ele>
      </trkpt>
      <trkpt lat="-29.730817079544067" lon="30.553311109542847">
        <ele>761.38</ele>
      </trkpt>
      <trkpt lat="-29.730784809216857" lon="30.55323600769043">
        <ele>762.24</ele>
      </trkpt>
      <trkpt lat="-29.730677604675293" lon="30.553139448165894">
        <ele>762.83</ele>
      </trkpt>
      <trkpt lat="-29.730623876675963" lon="30.553128719329834">
        <ele>763.27</ele>
      </trkpt>
      <trkpt lat="-29.730130350217223" lon="30.553128719329834">
        <ele>763.59</ele>
      </trkpt>
      <trkpt lat="-29.729154109954834" lon="30.553139448165894">
        <ele>764.02</ele>
      </trkpt>
      <trkpt lat="-29.729025280103087" lon="30.553085803985596">
        <ele>764.02</ele>
      </trkpt>
      <trkpt lat="-29.72902536392212" lon="30.553085803985596">
        <ele>763.91</ele>
      </trkpt>
      <trkpt lat="-29.728928804397583" lon="30.55296778678894">
        <ele>763.58</ele>
      </trkpt>
      <trkpt lat="-29.728918075561523" lon="30.552881956100464">
        <ele>763.0</ele>
      </trkpt>
      <trkpt lat="-29.728939281776547" lon="30.55161033757031">
        <ele>761.43</ele>
      </trkpt>
      <trkpt lat="-29.72901463508606" lon="30.547088384628296">
        <ele>760.82</ele>
      </trkpt>
      <trkpt lat="-29.72900390625" lon="30.546573400497437">
        <ele>761.81</ele>
      </trkpt>
      <trkpt lat="-29.72892872057855" lon="30.545532703399658">
        <ele>763.06</ele>
      </trkpt>
      <trkpt lat="-29.728928804397583" lon="30.545532703399658">
        <ele>763.3</ele>
      </trkpt>
      <trkpt lat="-29.728853618726134" lon="30.54497480392456">
        <ele>764.07</ele>
      </trkpt>
      <trkpt lat="-29.728649770841002" lon="30.543386936187744">
        <ele>762.96</ele>
      </trkpt>
      <trkpt lat="-29.728306531906128" lon="30.540940761566162">
        <ele>760.46</ele>
      </trkpt>
      <trkpt lat="-29.7279953956604" lon="30.54096221923828">
        <ele>759.45</ele>
      </trkpt>
      <trkpt lat="-29.72795239649713" lon="30.540382862091064">
        <ele>758.1</ele>
      </trkpt>
      <trkpt lat="-29.72795239649713" lon="30.54027557373047">
        <ele>757.02</ele>
      </trkpt>
      <trkpt lat="-29.72794166766107" lon="30.540179014205933">
        <ele>756.09</ele>
      </trkpt>
      <trkpt lat="-29.72792020998895" lon="30.5399751663208">
        <ele>755.38</ele>
      </trkpt>
      <trkpt lat="-29.727855920791626" lon="30.53949236869812">
        <ele>754.92</ele>
      </trkpt>
      <trkpt lat="-29.727866649627686" lon="30.539127588272095">
        <ele>754.68</ele>
      </trkpt>
      <trkpt lat="-29.727888023480773" lon="30.53899884223938">
        <ele>754.87</ele>
      </trkpt>
      <trkpt lat="-29.72796312533319" lon="30.53878426551819">
        <ele>755.41</ele>
      </trkpt>
      <trkpt lat="-29.728177785873413" lon="30.538365840911865">
        <ele>756.4</ele>
      </trkpt>
      <trkpt lat="-29.728606939315796" lon="30.537625551223755">
        <ele>757.76</ele>
      </trkpt>
      <trkpt lat="-29.72904682159424" lon="30.536917448043823">
        <ele>758.78</ele>
      </trkpt>
      <trkpt lat="-29.729379415512085" lon="30.536295175552368">
        <ele>760.29</ele>
      </trkpt>
      <trkpt lat="-29.729422330856323" lon="30.536177158355713">
        <ele>761.41</ele>
      </trkpt>
      <trkpt lat="-29.7295081615448" lon="30.535930395126343">
        <ele>762.5</ele>
      </trkpt>
      <trkpt lat="-29.729551076889038" lon="30.535629987716675">
        <ele>763.38</ele>
      </trkpt>
      <trkpt lat="-29.72952961921692" lon="30.535415410995483">
        <ele>763.9</ele>
      </trkpt>
      <trkpt lat="-29.72946516238153" lon="30.535136461257935">
        <ele>764.21</ele>
      </trkpt>
      <trkpt lat="-29.729347229003906" lon="30.534900426864624">
        <ele>764.49</ele>
      </trkpt>
      <trkpt lat="-29.72919694148004" lon="30.534685850143433">
        <ele>764.89</ele>
      </trkpt>
      <trkpt lat="-29.729036008939147" lon="30.53450345993042">
        <ele>765.26</ele>
      </trkpt>
      <trkpt lat="-29.72897163592279" lon="30.534417629241943">
        <ele>765.59</ele>
      </trkpt>
      <trkpt lat="-29.72897171974182" lon="30.534417629241943">
        <ele>765.82</ele>
      </trkpt>
      <trkpt lat="-29.728853702545166" lon="30.534160137176514">
        <ele>766.19</ele>
      </trkpt>
      <trkpt lat="-29.728766195476055" lon="30.533773312345147">
        <ele>766.38</ele>
      </trkpt>
      <trkpt lat="-29.728649854660034" lon="30.53325891494751">
        <ele>762.75</ele>
      </trkpt>
      <trkpt lat="-29.728606939315796" lon="30.53297996520996">
        <ele>761.71</ele>
      </trkpt>
      <trkpt lat="-29.72847810946405" lon="30.531853437423706">
        <ele>760.67</ele>
      </trkpt>
      <trkpt lat="-29.72847810946405" lon="30.531681776046753">
        <ele>760.19</ele>
      </trkpt>
      <trkpt lat="-29.728381633758545" lon="30.5305016040802">
        <ele>760.52</ele>
      </trkpt>
      <trkpt lat="-29.728370904922485" lon="30.53023338317871">
        <ele>761.15</ele>
      </trkpt>
      <trkpt lat="-29.728370904922485" lon="30.529890060424805">
        <ele>761.98</ele>
      </trkpt>
      <trkpt lat="-29.72843519411981" lon="30.529332160949707">
        <ele>763.33</ele>
      </trkpt>
      <trkpt lat="-29.72848883830011" lon="30.528709888458252">
        <ele>764.19</ele>
      </trkpt>
      <trkpt lat="-29.7284996509552" lon="30.528377294540405">
        <ele>765.15</ele>
      </trkpt>
      <trkpt lat="-29.72847819328308" lon="30.528066158294678">
        <ele>766.14</ele>
      </trkpt>
      <trkpt lat="-29.728349363431334" lon="30.52655339241028">
        <ele>766.21</ele>
      </trkpt>
      <trkpt lat="-29.72829580307007" lon="30.525834560394287">
        <ele>767.22</ele>
      </trkpt>
      <trkpt lat="-29.72829580307007" lon="30.525641441345215">
        <ele>768.41</ele>
      </trkpt>
      <trkpt lat="-29.728360092267394" lon="30.52527666091919">
        <ele>769.9</ele>
      </trkpt>
      <trkpt lat="-29.728403007611632" lon="30.525094270706177">
        <ele>771.77</ele>
      </trkpt>
      <trkpt lat="-29.728403091430664" lon="30.525094270706177">
        <ele>774.04</ele>
      </trkpt>
      <trkpt lat="-29.728832244873047" lon="30.522648096084595">
        <ele>777.82</ele>
      </trkpt>
      <trkpt lat="-29.728885889053345" lon="30.522122383117676">
        <ele>781.43</ele>
      </trkpt>
      <trkpt lat="-29.728896617889404" lon="30.521682500839233">
        <ele>784.85</ele>
      </trkpt>
      <trkpt lat="-29.728885889053345" lon="30.52128553390503">
        <ele>788.17</ele>
      </trkpt>
      <trkpt lat="-29.728800058364868" lon="30.520620346069336">
        <ele>791.73</ele>
      </trkpt>
      <trkpt lat="-29.728617668151855" lon="30.51978349685669">
        <ele>795.83</ele>
      </trkpt>
      <trkpt lat="-29.72847819328308" lon="30.5190110206604">
        <ele>798.54</ele>
      </trkpt>
      <trkpt lat="-29.728284990414977" lon="30.518324375152588">
        <ele>800.84</ele>
      </trkpt>
      <trkpt lat="-29.728209972381592" lon="30.5180561542511">
        <ele>802.74</ele>
      </trkpt>
      <trkpt lat="-29.728156328201294" lon="30.51773428916931">
        <ele>804.0</ele>
      </trkpt>
      <trkpt lat="-29.72798466682434" lon="30.516414642333984">
        <ele>804.98</ele>
      </trkpt>
      <trkpt lat="-29.72796312533319" lon="30.516071319580078">
        <ele>805.25</ele>
      </trkpt>
      <trkpt lat="-29.727909564971924" lon="30.515084266662598">
        <ele>805.05</ele>
      </trkpt>
      <trkpt lat="-29.727866649627686" lon="30.51474094390869">
        <ele>804.85</ele>
      </trkpt>
      <trkpt lat="-29.727823734283447" lon="30.514419078826904">
        <ele>804.34</ele>
      </trkpt>
      <trkpt lat="-29.72773790359497" lon="30.514086484909058">
        <ele>803.62</ele>
      </trkpt>
      <trkpt lat="-29.727673530578613" lon="30.513893365859985">
        <ele>802.74</ele>
      </trkpt>
      <trkpt lat="-29.72722291946411" lon="30.51278829574585">
        <ele>801.76</ele>
      </trkpt>
      <trkpt lat="-29.72647190093994" lon="30.51100730895996">
        <ele>799.63</ele>
      </trkpt>
      <trkpt lat="-29.726332426071167" lon="30.510642528533936">
        <ele>797.91</ele>
      </trkpt>
      <trkpt lat="-29.72622513771057" lon="30.51025629043579">
        <ele>796.01</ele>
      </trkpt>
      <trkpt lat="-29.725903272628784" lon="30.508882999420166">
        <ele>793.97</ele>
      </trkpt>
      <trkpt lat="-29.725892543792725" lon="30.508668422698975">
        <ele>792.76</ele>
      </trkpt>
      <trkpt lat="-29.725903272628784" lon="30.508475303649902">
        <ele>791.69</ele>
      </trkpt>
      <trkpt lat="-29.72593537531793" lon="30.508335828781128">
        <ele>790.72</ele>
      </trkpt>
      <trkpt lat="-29.72598910331726" lon="30.508196353912354">
        <ele>789.87</ele>
      </trkpt>
      <trkpt lat="-29.726150035858154" lon="30.507949590682983">
        <ele>788.99</ele>
      </trkpt>
      <trkpt lat="-29.72674012184143" lon="30.50729513168335">
        <ele>787.44</ele>
      </trkpt>
      <trkpt lat="-29.7268661018461" lon="30.507137635722756">
        <ele>786.49</ele>
      </trkpt>
      <trkpt lat="-29.726911783218384" lon="30.507080554962158">
        <ele>785.42</ele>
      </trkpt>
      <trkpt lat="-29.72700834274292" lon="30.506876707077026">
        <ele>785.21</ele>
      </trkpt>
      <trkpt lat="-29.727051258087158" lon="30.506737232208252">
        <ele>784.99</ele>
      </trkpt>
      <trkpt lat="-29.727051258087158" lon="30.50652265548706">
        <ele>784.66</ele>
      </trkpt>
      <trkpt lat="-29.72701907157898" lon="30.50629734992981">
        <ele>784.3</ele>
      </trkpt>
      <trkpt lat="-29.726911783218384" lon="30.506093502044678">
        <ele>784.21</ele>
      </trkpt>
      <trkpt lat="-29.726804494857788" lon="30.505954027175903">
        <ele>784.48</ele>
      </trkpt>
      <trkpt lat="-29.726064121350646" lon="30.50526738166809">
        <ele>785.12</ele>
      </trkpt>
      <trkpt lat="-29.72579598426819" lon="30.50503134727478">
        <ele>785.24</ele>
      </trkpt>
      <trkpt lat="-29.725656509399414" lon="30.504870414733887">
        <ele>785.6</ele>
      </trkpt>
      <trkpt lat="-29.725570678710938" lon="30.504688024520874">
        <ele>785.95</ele>
      </trkpt>
      <trkpt lat="-29.7255277633667" lon="30.50457000732422">
        <ele>786.28</ele>
      </trkpt>
      <trkpt lat="-29.72549549303949" lon="30.504398345947266">
        <ele>786.65</ele>
      </trkpt>
      <trkpt lat="-29.72546330653131" lon="30.50401210784912">
        <ele>787.12</ele>
      </trkpt>
      <trkpt lat="-29.725452661514282" lon="30.503733158111572">
        <ele>787.64</ele>
      </trkpt>
      <trkpt lat="-29.725399017333984" lon="30.50327181816101">
        <ele>788.03</ele>
      </trkpt>
      <trkpt lat="-29.725345373153687" lon="30.50306797027588">
        <ele>788.14</ele>
      </trkpt>
      <trkpt lat="-29.72528100013733" lon="30.502864122390747">
        <ele>788.41</ele>
      </trkpt>
      <trkpt lat="-29.725173711776733" lon="30.502671003341675">
        <ele>788.68</ele>
      </trkpt>
      <trkpt lat="-29.72477674484253" lon="30.502113103866577">
        <ele>788.92</ele>
      </trkpt>
      <trkpt lat="-29.724444150924683" lon="30.501726865768433">
        <ele>789.22</ele>
      </trkpt>
      <trkpt lat="-29.724154472351074" lon="30.501437187194824">
        <ele>789.52</ele>
      </trkpt>
      <trkpt lat="-29.723875522613525" lon="30.501201152801514">
        <ele>789.58</ele>
      </trkpt>
      <trkpt lat="-29.72322097979486" lon="30.500696897506714">
        <ele>789.78</ele>
      </trkpt>
      <trkpt lat="-29.72322106361389" lon="30.500696897506714">
        <ele>790.37</ele>
      </trkpt>
      <trkpt lat="-29.721765546128154" lon="30.49949711188674">
        <ele>791.8</ele>
      </trkpt>
      <trkpt lat="-29.721503108739853" lon="30.499269207939506">
        <ele>794.25</ele>
      </trkpt>
      <trkpt lat="-29.7213866841048" lon="30.499043818563223">
        <ele>794.77</ele>
      </trkpt>
      <trkpt lat="-29.72134469076991" lon="30.49886670894921">
        <ele>795.3</ele>
      </trkpt>
      <trkpt lat="-29.721391294151545" lon="30.498705776408315">
        <ele>794.55</ele>
      </trkpt>
      <trkpt lat="-29.721489110961556" lon="30.49856630153954">
        <ele>793.7</ele>
      </trkpt>
      <trkpt lat="-29.7215870115906" lon="30.498485751450062">
        <ele>793.01</ele>
      </trkpt>
      <trkpt lat="-29.721642918884754" lon="30.498405285179615">
        <ele>792.56</ele>
      </trkpt>
      <trkpt lat="-29.72159631550312" lon="30.49821744672954">
        <ele>792.05</ele>
      </trkpt>
      <trkpt lat="-29.721232876181602" lon="30.497874040156603">
        <ele>795.86</ele>
      </trkpt>
      <trkpt lat="-29.721013940870762" lon="30.49771310761571">
        <ele>797.23</ele>
      </trkpt>
      <trkpt lat="-29.720822917297482" lon="30.497627276927233">
        <ele>797.0</ele>
      </trkpt>
      <trkpt lat="-29.720608675852418" lon="30.497611183673143">
        <ele>797.59</ele>
      </trkpt>
      <trkpt lat="-29.720231322571635" lon="30.49769701436162">
        <ele>798.35</ele>
      </trkpt>
      <trkpt lat="-29.719839971512556" lon="30.497895581647754">
        <ele>799.73</ele>
      </trkpt>
      <trkpt lat="-29.71935541369021" lon="30.498126251623034">
        <ele>801.28</ele>
      </trkpt>
      <trkpt lat="-29.718787036836147" lon="30.498367734253407">
        <ele>805.04</ele>
      </trkpt>
      <trkpt lat="-29.71852619200945" lon="30.498437471687794">
        <ele>807.19</ele>
      </trkpt>
      <trkpt lat="-29.718218659982085" lon="30.498458929359913">
        <ele>809.35</ele>
      </trkpt>
      <trkpt lat="-29.71799503080547" lon="30.498421378433704">
        <ele>810.47</ele>
      </trkpt>
      <trkpt lat="-29.71780400723219" lon="30.49832481890917">
        <ele>812.52</ele>
      </trkpt>
      <trkpt lat="-29.7176549769938" lon="30.49820671789348">
        <ele>814.97</ele>
      </trkpt>
      <trkpt lat="-29.717454649508" lon="30.497927768155932">
        <ele>816.68</ele>
      </trkpt>
      <trkpt lat="-29.717109901830554" lon="30.49741798080504">
        <ele>818.27</ele>
      </trkpt>
      <trkpt lat="-29.7169141843915" lon="30.497155040502548">
        <ele>818.49</ele>
      </trkpt>
      <trkpt lat="-29.716755766421556" lon="30.496945828199387">
        <ele>818.7</ele>
      </trkpt>
      <trkpt lat="-29.71629224717617" lon="30.49663033336401">
        <ele>824.12</ele>
      </trkpt>
      <trkpt lat="-29.716087225824594" lon="30.496533690020442">
        <ele>825.6</ele>
      </trkpt>
      <trkpt lat="-29.71581003628671" lon="30.49643444828689">
        <ele>825.8</ele>
      </trkpt>
      <trkpt lat="-29.715486243367195" lon="30.496327159926295">
        <ele>826.02</ele>
      </trkpt>
      <trkpt lat="-29.715183405205607" lon="30.49624929204583">
        <ele>826.61</ele>
      </trkpt>
      <trkpt lat="-29.714815355837345" lon="30.49620905891061">
        <ele>828.47</ele>
      </trkpt>
      <trkpt lat="-29.714477565139532" lon="30.49618223682046">
        <ele>829.61</ele>
      </trkpt>
      <trkpt lat="-29.713993007317185" lon="30.49616077914834">
        <ele>829.54</ele>
      </trkpt>
      <trkpt lat="-29.713552705943584" lon="30.4961715079844">
        <ele>826.63</ele>
      </trkpt>
      <trkpt lat="-29.712888775393367" lon="30.496195815503597">
        <ele>822.11</ele>
      </trkpt>
      <trkpt lat="-29.712590631097555" lon="30.496217273175716">
        <ele>819.99</ele>
      </trkpt>
      <trkpt lat="-29.712168937548995" lon="30.496276281774044">
        <ele>814.58</ele>
      </trkpt>
      <trkpt lat="-29.71160290762782" lon="30.496364794671535">
        <ele>812.75</ele>
      </trkpt>
      <trkpt lat="-29.710915675386786" lon="30.496496306732297">
        <ele>813.39</ele>
      </trkpt>
      <trkpt lat="-29.710533628240228" lon="30.496560679748654">
        <ele>810.95</ele>
      </trkpt>
      <trkpt lat="-29.71039147116244" lon="30.496592866256833">
        <ele>810.61</ele>
      </trkpt>
      <trkpt lat="-29.710184186697006" lon="30.496775340288877">
        <ele>810.6</ele>
      </trkpt>
      <trkpt lat="-29.709972124546766" lon="30.49687458202243">
        <ele>810.24</ele>
      </trkpt>
      <trkpt lat="-29.709659982472658" lon="30.49696309491992">
        <ele>809.49</ele>
      </trkpt>
      <trkpt lat="-29.709173077717423" lon="30.497059738263488">
        <ele>808.16</ele>
      </trkpt>
      <trkpt lat="-29.708858588710427" lon="30.497065102681518">
        <ele>807.8</ele>
      </trkpt>
      <trkpt lat="-29.708593050017953" lon="30.497030150145292">
        <ele>807.37</ele>
      </trkpt>
      <trkpt lat="-29.70827621407807" lon="30.496955048292875">
        <ele>807.5</ele>
      </trkpt>
      <trkpt lat="-29.708278812468052" lon="30.496949013322592">
        <ele>803.16</ele>
      </trkpt>
      <trkpt lat="-29.706902503967285" lon="30.496147871017456">
        <ele>799.42</ele>
      </trkpt>
      <trkpt lat="-29.7055721282959" lon="30.49532175064087">
        <ele>791.95</ele>
      </trkpt>
      <trkpt lat="-29.70505714416504" lon="30.494935512542725">
        <ele>788.0</ele>
      </trkpt>
      <trkpt lat="-29.704595720395446" lon="30.49454927444458">
        <ele>784.85</ele>
      </trkpt>
      <trkpt lat="-29.704209566116333" lon="30.494152307510376">
        <ele>780.86</ele>
      </trkpt>
      <trkpt lat="-29.703222513198853" lon="30.49331545829773">
        <ele>777.78</ele>
      </trkpt>
      <trkpt lat="-29.702396309003234" lon="30.492500066757202">
        <ele>774.64</ele>
      </trkpt>
      <trkpt lat="-29.70179557800293" lon="30.491952896118164">
        <ele>774.03</ele>
      </trkpt>
      <trkpt lat="-29.700937271118164" lon="30.4910945892334">
        <ele>773.33</ele>
      </trkpt>
      <trkpt lat="-29.700744152069092" lon="30.490858554840088">
        <ele>772.81</ele>
      </trkpt>
      <trkpt lat="-29.700647592544556" lon="30.49077272415161">
        <ele>772.82</ele>
      </trkpt>
      <trkpt lat="-29.70057249069214" lon="30.490751266479492">
        <ele>773.11</ele>
      </trkpt>
      <trkpt lat="-29.70050811767578" lon="30.49076199531555">
        <ele>773.58</ele>
      </trkpt>
      <trkpt lat="-29.700443744659424" lon="30.49080491065979">
        <ele>774.09</ele>
      </trkpt>
      <trkpt lat="-29.700379371643066" lon="30.490890741348267">
        <ele>774.46</ele>
      </trkpt>
      <trkpt lat="-29.70021835528314" lon="30.491169691085815">
        <ele>774.5</ele>
      </trkpt>
      <trkpt lat="-29.69951377250254" lon="30.49253568984568">
        <ele>772.56</ele>
      </trkpt>
      <trkpt lat="-29.698995351791382" lon="30.49354076385498">
        <ele>764.18</ele>
      </trkpt>
      <trkpt lat="-29.698855876922607" lon="30.49376606941223">
        <ele>762.74</ele>
      </trkpt>
      <trkpt lat="-29.698737859725952" lon="30.493894815444946">
        <ele>762.08</ele>
      </trkpt>
      <trkpt lat="-29.698619842529297" lon="30.493980646133423">
        <ele>761.94</ele>
      </trkpt>
      <trkpt lat="-29.69850182533264" lon="30.494002103805542">
        <ele>762.18</ele>
      </trkpt>
      <trkpt lat="-29.698394536972046" lon="30.493980646133423">
        <ele>762.72</ele>
      </trkpt>
      <trkpt lat="-29.69828724861145" lon="30.493927001953125">
        <ele>763.48</ele>
      </trkpt>
      <trkpt lat="-29.698179960250854" lon="30.493851900100708">
        <ele>764.29</ele>
      </trkpt>
      <trkpt lat="-29.6980082988739" lon="30.493648052215576">
        <ele>765.33</ele>
      </trkpt>
      <trkpt lat="-29.697847366333008" lon="30.49331545829773">
        <ele>766.4</ele>
      </trkpt>
      <trkpt lat="-29.697740077972412" lon="30.492993593215942">
        <ele>767.52</ele>
      </trkpt>
      <trkpt lat="-29.697664976119995" lon="30.49282193183899">
        <ele>768.08</ele>
      </trkpt>
      <trkpt lat="-29.697439670562744" lon="30.492403507232666">
        <ele>768.35</ele>
      </trkpt>
      <trkpt lat="-29.69701051712036" lon="30.49178123474121">
        <ele>767.84</ele>
      </trkpt>
      <trkpt lat="-29.69680666923523" lon="30.49151301383972">
        <ele>767.06</ele>
      </trkpt>
      <trkpt lat="-29.695926820859313" lon="30.490483045578003">
        <ele>765.61</ele>
      </trkpt>
      <trkpt lat="-29.69550848007202" lon="30.490010976791382">
        <ele>763.9</ele>
      </trkpt>
      <trkpt lat="-29.694939767941833" lon="30.48929214477539">
        <ele>761.84</ele>
      </trkpt>
      <trkpt lat="-29.694800293073058" lon="30.489120483398438">
        <ele>760.01</ele>
      </trkpt>
      <trkpt lat="-29.69449988566339" lon="30.48876643180847">
        <ele>757.96</ele>
      </trkpt>
      <trkpt lat="-29.694199562072754" lon="30.488401651382446">
        <ele>756.0</ele>
      </trkpt>
      <trkpt lat="-29.692740440368652" lon="30.487124919891357">
        <ele>754.32</ele>
      </trkpt>
      <trkpt lat="-29.692000150680542" lon="30.486438274383545">
        <ele>753.34</ele>
      </trkpt>
      <trkpt lat="-29.69200006686151" lon="30.486438274383545">
        <ele>752.37</ele>
      </trkpt>
      <trkpt lat="-29.69153881072998" lon="30.485976934432983">
        <ele>751.68</ele>
      </trkpt>
      <trkpt lat="-29.69127058982849" lon="30.485612154006958">
        <ele>750.96</ele>
      </trkpt>
      <trkpt lat="-29.691109657287598" lon="30.48533320426941">
        <ele>750.09</ele>
      </trkpt>
      <trkpt lat="-29.690959453582764" lon="30.485011339187622">
        <ele>749.15</ele>
      </trkpt>
      <trkpt lat="-29.69077697955072" lon="30.484453439712524">
        <ele>748.07</ele>
      </trkpt>
      <trkpt lat="-29.69073406420648" lon="30.484228134155273">
        <ele>747.38</ele>
      </trkpt>
      <trkpt lat="-29.690701877698302" lon="30.484120845794678">
        <ele>746.89</ele>
      </trkpt>
      <trkpt lat="-29.690626859664917" lon="30.483627319335938">
        <ele>746.5</ele>
      </trkpt>
      <trkpt lat="-29.690637588500977" lon="30.48328399658203">
        <ele>746.19</ele>
      </trkpt>
      <trkpt lat="-29.690657453611493" lon="30.48309875652194">
        <ele>745.87</ele>
      </trkpt>
      <trkpt lat="-29.690657453611493" lon="30.48309867270291">
        <ele>746.27</ele>
      </trkpt>
      <trkpt lat="-29.690669775009155" lon="30.482983589172363">
        <ele>746.3</ele>
      </trkpt>
      <trkpt lat="-29.690744876861572" lon="30.482704639434814">
        <ele>746.61</ele>
      </trkpt>
      <trkpt lat="-29.690830623731017" lon="30.482490062713623">
        <ele>747.15</ele>
      </trkpt>
      <trkpt lat="-29.69102382659912" lon="30.482137436047196">
        <ele>748.57</ele>
      </trkpt>
      <trkpt lat="-29.691570913419127" lon="30.481138229370117">
        <ele>751.79</ele>
      </trkpt>
      <trkpt lat="-29.69157099723816" lon="30.481138229370117">
        <ele>752.19</ele>
      </trkpt>
      <trkpt lat="-29.6915499586612" lon="30.481129931285977">
        <ele>752.1</ele>
      </trkpt>
      <trkpt lat="-29.691819939762354" lon="30.480539929121733">
        <ele>751.67</ele>
      </trkpt>
      <trkpt lat="-29.691899986937642" lon="30.48014991916716">
        <ele>750.59</ele>
      </trkpt>
      <trkpt lat="-29.69191993586719" lon="30.47990994527936">
        <ele>749.89</ele>
      </trkpt>
      <trkpt lat="-29.69191993586719" lon="30.479709953069687">
        <ele>748.67</ele>
      </trkpt>
      <trkpt lat="-29.69193996861577" lon="30.479599982500076">
        <ele>747.59</ele>
      </trkpt>
      <trkpt lat="-29.691909961402416" lon="30.479389932006598">
        <ele>746.24</ele>
      </trkpt>
      <trkpt lat="-29.69182999804616" lon="30.47904996201396">
        <ele>744.72</ele>
      </trkpt>
      <trkpt lat="-29.691739976406097" lon="30.478849969804287">
        <ele>743.02</ele>
      </trkpt>
      <trkpt lat="-29.69148994423449" lon="30.478269942104816">
        <ele>740.28</ele>
      </trkpt>
      <trkpt lat="-29.691159948706627" lon="30.477559994906187">
        <ele>733.7</ele>
      </trkpt>
      <trkpt lat="-29.690999938175082" lon="30.477169984951615">
        <ele>731.19</ele>
      </trkpt>
      <trkpt lat="-29.690899942070246" lon="30.47693998552859">
        <ele>728.94</ele>
      </trkpt>
      <trkpt lat="-29.690769938752055" lon="30.476739993318915">
        <ele>726.48</ele>
      </trkpt>
      <trkpt lat="-29.69066994264722" lon="30.476609990000725">
        <ele>724.92</ele>
      </trkpt>
      <trkpt lat="-29.690509932115674" lon="30.4764299467206">
        <ele>722.7</ele>
      </trkpt>
      <trkpt lat="-29.689869973808527" lon="30.475809937343">
        <ele>721.8</ele>
      </trkpt>
      <trkpt lat="-29.68955992721021" lon="30.475499974563718">
        <ele>720.12</ele>
      </trkpt>
      <trkpt lat="-29.68800994567573" lon="30.47397991642356">
        <ele>702.29</ele>
      </trkpt>
      <trkpt lat="-29.68800994567573" lon="30.473969941958785">
        <ele>703.2</ele>
      </trkpt>
      <trkpt lat="-29.687399994581938" lon="30.473389998078346">
        <ele>701.45</ele>
      </trkpt>
      <trkpt lat="-29.68677998520434" lon="30.472829919308424">
        <ele>698.78</ele>
      </trkpt>
      <trkpt lat="-29.686249997466803" lon="30.47240998595953">
        <ele>696.5</ele>
      </trkpt>
      <trkpt lat="-29.685329999774694" lon="30.47171998769045">
        <ele>694.14</ele>
      </trkpt>
      <trkpt lat="-29.68514995649457" lon="30.471589984372258">
        <ele>691.79</ele>
      </trkpt>
      <trkpt lat="-29.685009978711605" lon="30.47144992277026">
        <ele>689.51</ele>
      </trkpt>
      <trkpt lat="-29.684339929372072" lon="30.470559932291508">
        <ele>686.58</ele>
      </trkpt>
      <trkpt lat="-29.68402996659279" lon="30.470129940658808">
        <ele>683.45</ele>
      </trkpt>
      <trkpt lat="-29.68366996385157" lon="30.469689974561334">
        <ele>679.98</ele>
      </trkpt>
      <trkpt lat="-29.683269979432225" lon="30.469279931858182">
        <ele>676.59</ele>
      </trkpt>
      <trkpt lat="-29.68183994293213" lon="30.46828994527459">
        <ele>671.98</ele>
      </trkpt>
      <trkpt lat="-29.68127994798124" lon="30.467979982495308">
        <ele>667.94</ele>
      </trkpt>
      <trkpt lat="-29.680749960243702" lon="30.46774998307228">
        <ele>664.06</ele>
      </trkpt>
      <trkpt lat="-29.680389957502484" lon="30.467629954218864">
        <ele>660.24</ele>
      </trkpt>
      <trkpt lat="-29.679919984191656" lon="30.467439936473966">
        <ele>656.34</ele>
      </trkpt>
      <trkpt lat="-29.67960993759334" lon="30.467249918729067">
        <ele>652.46</ele>
      </trkpt>
      <trkpt lat="-29.679099982604384" lon="30.46671993099153">
        <ele>648.49</ele>
      </trkpt>
      <trkpt lat="-29.677699953317642" lon="30.464779939502478">
        <ele>643.17</ele>
      </trkpt>
      <trkpt lat="-29.677289994433522" lon="30.46417996287346">
        <ele>639.77</ele>
      </trkpt>
      <trkpt lat="-29.67625994235277" lon="30.462389923632145">
        <ele>636.88</ele>
      </trkpt>
      <trkpt lat="-29.676069924607873" lon="30.46205992810428">
        <ele>634.88</ele>
      </trkpt>
      <trkpt lat="-29.675689972937107" lon="30.461479984223843">
        <ele>633.92</ele>
      </trkpt>
      <trkpt lat="-29.675379926338792" lon="30.46110992319882">
        <ele>633.09</ele>
      </trkpt>
      <trkpt lat="-29.675239948555827" lon="30.460969945415854">
        <ele>632.62</ele>
      </trkpt>
      <trkpt lat="-29.674829989671707" lon="30.460489997640252">
        <ele>632.52</ele>
      </trkpt>
      <trkpt lat="-29.67468992806971" lon="30.460219932720065">
        <ele>632.9</ele>
      </trkpt>
      <trkpt lat="-29.67459999024868" lon="30.459989933297038">
        <ele>633.54</ele>
      </trkpt>
      <trkpt lat="-29.67446998693049" lon="30.4594599455595">
        <ele>634.36</ele>
      </trkpt>
      <trkpt lat="-29.674219954758883" lon="30.457939971238375">
        <ele>635.7</ele>
      </trkpt>
      <trkpt lat="-29.674089951440692" lon="30.457469997927547">
        <ele>637.04</ele>
      </trkpt>
      <trkpt lat="-29.673859952017665" lon="30.45695995911956">
        <ele>638.68</ele>
      </trkpt>
      <trkpt lat="-29.673609919846058" lon="30.456459978595376">
        <ele>640.64</ele>
      </trkpt>
      <trkpt lat="-29.673369945958257" lon="30.456089917570353">
        <ele>642.94</ele>
      </trkpt>
      <trkpt lat="-29.673089990392327" lon="30.45573997311294">
        <ele>645.49</ele>
      </trkpt>
      <trkpt lat="-29.67294992879033" lon="30.455619944259524">
        <ele>648.0</ele>
      </trkpt>
      <trkpt lat="-29.67257995158434" lon="30.455339988693595">
        <ele>650.76</ele>
      </trkpt>
      <trkpt lat="-29.671869920566678" lon="30.454959953203797">
        <ele>653.62</ele>
      </trkpt>
      <trkpt lat="-29.67122996225953" lon="30.45455996878445">
        <ele>657.01</ele>
      </trkpt>
      <trkpt lat="-29.67090994119644" lon="30.45435997657478">
        <ele>660.26</ele>
      </trkpt>
      <trkpt lat="-29.67072998173535" lon="30.454209940508008">
        <ele>663.47</ele>
      </trkpt>
      <trkpt lat="-29.670549938455224" lon="30.454029981046915">
        <ele>666.82</ele>
      </trkpt>
      <trkpt lat="-29.670399986207485" lon="30.453829988837242">
        <ele>670.32</ele>
      </trkpt>
      <trkpt lat="-29.669839991256595" lon="30.45296992175281">
        <ele>674.05</ele>
      </trkpt>
      <trkpt lat="-29.66948996298015" lon="30.45231998898089">
        <ele>677.7</ele>
      </trkpt>
      <trkpt lat="-29.66905997134745" lon="30.45141994021833">
        <ele>681.32</ele>
      </trkpt>
      <trkpt lat="-29.66879996471107" lon="30.45085994526744">
        <ele>684.74</ele>
      </trkpt>
      <trkpt lat="-29.668589998036623" lon="30.45029995031655">
        <ele>687.63</ele>
      </trkpt>
      <trkpt lat="-29.66842998750508" lon="30.449839951470494">
        <ele>690.06</ele>
      </trkpt>
      <trkpt lat="-29.668279951438308" lon="30.449329996481538">
        <ele>692.38</ele>
      </trkpt>
      <trkpt lat="-29.668169980868697" lon="30.44905993156135">
        <ele>694.23</ele>
      </trkpt>
      <trkpt lat="-29.668099991977215" lon="30.448899921029806">
        <ele>695.61</ele>
      </trkpt>
      <trkpt lat="-29.667989937588573" lon="30.448749968782067">
        <ele>696.65</ele>
      </trkpt>
      <trkpt lat="-29.667579978704453" lon="30.448139933869243">
        <ele>697.43</ele>
      </trkpt>
      <trkpt lat="-29.66722995042801" lon="30.447539957240224">
        <ele>697.43</ele>
      </trkpt>
      <trkpt lat="-29.66694999486208" lon="30.447029918432236">
        <ele>696.82</ele>
      </trkpt>
      <trkpt lat="-29.66681999154389" lon="30.446719955652952">
        <ele>695.91</ele>
      </trkpt>
      <trkpt lat="-29.666709937155247" lon="30.44651996344328">
        <ele>694.48</ele>
      </trkpt>
      <trkpt lat="-29.666539952158928" lon="30.446309996768832">
        <ele>692.59</ele>
      </trkpt>
      <trkpt lat="-29.66636996716261" lon="30.446169935166836">
        <ele>690.2</ele>
      </trkpt>
      <trkpt lat="-29.66619998216629" lon="30.446039931848645">
        <ele>687.29</ele>
      </trkpt>
      <trkpt lat="-29.66585992835462" lon="30.445889979600906">
        <ele>683.82</ele>
      </trkpt>
      <trkpt lat="-29.664599960669875" lon="30.445539951324463">
        <ele>679.4</ele>
      </trkpt>
      <trkpt lat="-29.66413996182382" lon="30.445369966328144">
        <ele>675.28</ele>
      </trkpt>
      <trkpt lat="-29.663909962400794" lon="30.445249937474728">
        <ele>670.96</ele>
      </trkpt>
      <trkpt lat="-29.663069928064942" lon="30.444749956950545">
        <ele>666.29</ele>
      </trkpt>
      <trkpt lat="-29.662349922582507" lon="30.444239918142557">
        <ele>661.29</ele>
      </trkpt>
      <trkpt lat="-29.661329928785563" lon="30.44359995983541">
        <ele>656.46</ele>
      </trkpt>
      <trkpt lat="-29.660479919984937" lon="30.443159993737936">
        <ele>651.69</ele>
      </trkpt>
      <trkpt lat="-29.65925993397832" lon="30.442679962143302">
        <ele>646.79</ele>
      </trkpt>
      <trkpt lat="-29.65867999009788" lon="30.442429929971695">
        <ele>643.05</ele>
      </trkpt>
      <trkpt lat="-29.658159976825118" lon="30.442169923335314">
        <ele>639.58</ele>
      </trkpt>
      <trkpt lat="-29.657919919118285" lon="30.442019971087575">
        <ele>636.61</ele>
      </trkpt>
      <trkpt lat="-29.6577999740839" lon="30.441889967769384">
        <ele>634.2</ele>
      </trkpt>
      <trkpt lat="-29.65764993801713" lon="30.441659968346357">
        <ele>632.4</ele>
      </trkpt>
      <trkpt lat="-29.657559916377068" lon="30.44146995060146">
        <ele>631.25</ele>
      </trkpt>
      <trkpt lat="-29.65745992027223" lon="30.441119922325015">
        <ele>630.82</ele>
      </trkpt>
      <trkpt lat="-29.657419938594103" lon="30.44086997397244">
        <ele>631.21</ele>
      </trkpt>
      <trkpt lat="-29.657399989664555" lon="30.440669981762767">
        <ele>632.13</ele>
      </trkpt>
      <trkpt lat="-29.657399989664555" lon="30.440069921314716">
        <ele>633.59</ele>
      </trkpt>
      <trkpt lat="-29.657449945807457" lon="30.43942996300757">
        <ele>635.75</ele>
      </trkpt>
      <trkpt lat="-29.65758992359042" lon="30.43824995867908">
        <ele>638.78</ele>
      </trkpt>
      <trkpt lat="-29.657699977979064" lon="30.438029933720827">
        <ele>641.06</ele>
      </trkpt>
      <trkpt lat="-29.657829981297255" lon="30.43781996704638">
        <ele>643.55</ele>
      </trkpt>
      <trkpt lat="-29.657889995723963" lon="30.437739919871092">
        <ele>646.21</ele>
      </trkpt>
      <trkpt lat="-29.658069955185056" lon="30.437589967623353">
        <ele>649.26</ele>
      </trkpt>
      <trkpt lat="-29.658409925177693" lon="30.437309928238392">
        <ele>652.72</ele>
      </trkpt>
      <trkpt lat="-29.658819967880845" lon="30.43697993271053">
        <ele>656.35</ele>
      </trkpt>
      <trkpt lat="-29.659209977835417" lon="30.436579948291183">
        <ele>659.98</ele>
      </trkpt>
      <trkpt lat="-29.659589929506183" lon="30.436049960553646">
        <ele>663.47</ele>
      </trkpt>
      <trkpt lat="-29.659759998321533" lon="30.43575994670391">
        <ele>666.42</ele>
      </trkpt>
      <trkpt lat="-29.659889917820692" lon="30.43538996949792">
        <ele>669.02</ele>
      </trkpt>
      <trkpt lat="-29.659999972209334" lon="30.435039941221476">
        <ele>671.49</ele>
      </trkpt>
      <trkpt lat="-29.660059986636043" lon="30.434519927948713">
        <ele>680.07</ele>
      </trkpt>
      <trkpt lat="-29.659979939460754" lon="30.43403998017311">
        <ele>686.08</ele>
      </trkpt>
      <trkpt lat="-29.659769972786307" lon="30.433229953050613">
        <ele>692.76</ele>
      </trkpt>
      <trkpt lat="-29.65916999615729" lon="30.431169932708144">
        <ele>702.58</ele>
      </trkpt>
      <trkpt lat="-29.65891996398568" lon="30.430269967764616">
        <ele>710.74</ele>
      </trkpt>
      <trkpt lat="-29.65854998677969" lon="30.429109996184707">
        <ele>716.54</ele>
      </trkpt>
      <trkpt lat="-29.65848997235298" lon="30.42898996733129">
        <ele>720.62</ele>
      </trkpt>
      <trkpt lat="-29.65826994739473" lon="30.428719986230135">
        <ele>724.28</ele>
      </trkpt>
      <trkpt lat="-29.6577999740839" lon="30.428229980170727">
        <ele>727.69</ele>
      </trkpt>
      <trkpt lat="-29.657319942489266" lon="30.427969973534346">
        <ele>730.55</ele>
      </trkpt>
      <trkpt lat="-29.6569399908185" lon="30.42786997742951">
        <ele>733.91</ele>
      </trkpt>
      <trkpt lat="-29.656519973650575" lon="30.427689934149384">
        <ele>737.68</ele>
      </trkpt>
      <trkpt lat="-29.65620992705226" lon="30.42750997468829">
        <ele>740.9</ele>
      </trkpt>
      <trkpt lat="-29.65592997148633" lon="30.427239993587136">
        <ele>744.35</ele>
      </trkpt>
      <trkpt lat="-29.655319936573505" lon="30.42660992592573">
        <ele>748.67</ele>
      </trkpt>
      <trkpt lat="-29.653579937294126" lon="30.424749981611967">
        <ele>751.1</ele>
      </trkpt>
      <trkpt lat="-29.653219934552908" lon="30.42436994612217">
        <ele>751.43</ele>
      </trkpt>
      <trkpt lat="-29.653129996731877" lon="30.424319989979267">
        <ele>750.07</ele>
      </trkpt>
      <trkpt lat="-29.652669997885823" lon="30.42363996617496">
        <ele>747.41</ele>
      </trkpt>
      <trkpt lat="-29.65214998461306" lon="30.422899927943945">
        <ele>743.76</ele>
      </trkpt>
      <trkpt lat="-29.651709934696555" lon="30.422209929674864">
        <ele>739.91</ele>
      </trkpt>
      <trkpt lat="-29.651529975235462" lon="30.421999963000417">
        <ele>737.61</ele>
      </trkpt>
      <trkpt lat="-29.651479935273528" lon="30.421929974108934">
        <ele>735.76</ele>
      </trkpt>
      <trkpt lat="-29.650909965857863" lon="30.4212599247694">
        <ele>732.92</ele>
      </trkpt>
      <trkpt lat="-29.650669991970062" lon="30.420859940350056">
        <ele>731.55</ele>
      </trkpt>
      <trkpt lat="-29.65053998865187" lon="30.42056992650032">
        <ele>730.13</ele>
      </trkpt>
      <trkpt lat="-29.650399927049875" lon="30.420259963721037">
        <ele>728.59</ele>
      </trkpt>
      <trkpt lat="-29.650119971483946" lon="30.419419929385185">
        <ele>727.81</ele>
      </trkpt>
      <trkpt lat="-29.6499599609524" lon="30.419049952179193">
        <ele>726.06</ele>
      </trkpt>
      <trkpt lat="-29.649779917672276" lon="30.418689949437976">
        <ele>723.46</ele>
      </trkpt>
      <trkpt lat="-29.64941999875009" lon="30.418169936165214">
        <ele>720.53</ele>
      </trkpt>
      <trkpt lat="-29.64827997609973" lon="30.41669991798699">
        <ele>711.13</ele>
      </trkpt>
      <trkpt lat="-29.64767999947071" lon="30.41592995636165">
        <ele>711.12</ele>
      </trkpt>
      <trkpt lat="-29.64739996008575" lon="30.415569953620434">
        <ele>709.33</ele>
      </trkpt>
      <trkpt lat="-29.646549951285124" lon="30.41448994539678">
        <ele>710.5</ele>
      </trkpt>
      <trkpt lat="-29.644559919834137" lon="30.41233998723328">
        <ele>711.96</ele>
      </trkpt>
      <trkpt lat="-29.643259970471263" lon="30.41087994351983">
        <ele>708.99</ele>
      </trkpt>
      <trkpt lat="-29.642069991678" lon="30.409679990261793">
        <ele>698.31</ele>
      </trkpt>
      <trkpt lat="-29.64161996729672" lon="30.40915997698903">
        <ele>696.79</ele>
      </trkpt>
      <trkpt lat="-29.64118997566402" lon="30.408629989251494">
        <ele>697.31</ele>
      </trkpt>
      <trkpt lat="-29.640789991244674" lon="30.40788995102048">
        <ele>692.49</ele>
      </trkpt>
      <trkpt lat="-29.64056996628642" lon="30.407189978286624">
        <ele>685.77</ele>
      </trkpt>
      <trkpt lat="-29.64043996296823" lon="30.40670994669199">
        <ele>681.94</ele>
      </trkpt>
      <trkpt lat="-29.64043996296823" lon="30.406699972227216">
        <ele>681.87</ele>
      </trkpt>
      <trkpt lat="-29.64026997797191" lon="30.40603998117149">
        <ele>683.79</ele>
      </trkpt>
      <trkpt lat="-29.64019998908043" lon="30.405919952318072">
        <ele>684.79</ele>
      </trkpt>
      <trkpt lat="-29.639999996870756" lon="30.40524998679757">
        <ele>686.83</ele>
      </trkpt>
      <trkpt lat="-29.639659943059087" lon="30.404049949720502">
        <ele>688.5</ele>
      </trkpt>
      <trkpt lat="-29.638949995860457" lon="30.401739981025457">
        <ele>692.96</ele>
      </trkpt>
      <trkpt lat="-29.63873994536698" lon="30.401279982179403">
        <ele>694.93</ele>
      </trkpt>
      <trkpt lat="-29.638609942048788" lon="30.401019975543022">
        <ele>696.18</ele>
      </trkpt>
      <trkpt lat="-29.638209957629442" lon="30.400539943948388">
        <ele>696.82</ele>
      </trkpt>
      <trkpt lat="-29.637829922139645" lon="30.400289995595813">
        <ele>696.66</ele>
      </trkpt>
      <trkpt lat="-29.637659937143326" lon="30.4002199228853">
        <ele>696.4</ele>
      </trkpt>
      <trkpt lat="-29.63697999715805" lon="30.39993996731937">
        <ele>695.99</ele>
      </trkpt>
      <trkpt lat="-29.636749997735023" lon="30.399839971214533">
        <ele>695.87</ele>
      </trkpt>
      <trkpt lat="-29.6359499450773" lon="30.399479968473315">
        <ele>695.85</ele>
      </trkpt>
      <trkpt lat="-29.635509978979826" lon="30.39912994019687">
        <ele>695.1</ele>
      </trkpt>
      <trkpt lat="-29.63512994349003" lon="30.398749988526106">
        <ele>694.32</ele>
      </trkpt>
      <trkpt lat="-29.634869936853647" lon="30.39838998578489">
        <ele>693.58</ele>
      </trkpt>
      <trkpt lat="-29.63467991910875" lon="30.397969968616962">
        <ele>692.73</ele>
      </trkpt>
      <trkpt lat="-29.634479926899076" lon="30.3974499553442">
        <ele>691.89</ele>
      </trkpt>
      <trkpt lat="-29.63433994911611" lon="30.396989956498146">
        <ele>691.16</ele>
      </trkpt>
      <trkpt lat="-29.634279934689403" lon="30.395799977704883">
        <ele>690.54</ele>
      </trkpt>
      <trkpt lat="-29.63431991636753" lon="30.395029932260513">
        <ele>689.93</ele>
      </trkpt>
      <trkpt lat="-29.634329974651337" lon="30.394969917833805">
        <ele>689.47</ele>
      </trkpt>
      <trkpt lat="-29.63428999297321" lon="30.394899928942323">
        <ele>689.07</ele>
      </trkpt>
      <trkpt lat="-29.634239953011274" lon="30.394839998334646">
        <ele>688.73</ele>
      </trkpt>
      <trkpt lat="-29.634129982441664" lon="30.394739918410778">
        <ele>688.41</ele>
      </trkpt>
      <trkpt lat="-29.633959997445345" lon="30.394759951159358">
        <ele>688.17</ele>
      </trkpt>
      <trkpt lat="-29.633619943633676" lon="30.394809991121292">
        <ele>687.68</ele>
      </trkpt>
      <trkpt lat="-29.63254999369383" lon="30.39488995447755">
        <ele>686.66</ele>
      </trkpt>
      <trkpt lat="-29.63132992386818" lon="30.394879980012774">
        <ele>685.38</ele>
      </trkpt>
      <trkpt lat="-29.63089993223548" lon="30.394859947264194">
        <ele>682.31</ele>
      </trkpt>
      <trkpt lat="-29.62919999845326" lon="30.394739918410778">
        <ele>677.16</ele>
      </trkpt>
      <trkpt lat="-29.625759981572628" lon="30.39413994178176">
        <ele>671.25</ele>
      </trkpt>
      <trkpt lat="-29.625339964404702" lon="30.394109934568405">
        <ele>670.6</ele>
      </trkpt>
      <trkpt lat="-29.62421997450292" lon="30.394019996747375">
        <ele>666.29</ele>
      </trkpt>
      <trkpt lat="-29.623979916796088" lon="30.394019996747375">
        <ele>664.34</ele>
      </trkpt>
      <trkpt lat="-29.623439954593778" lon="30.394019996747375">
        <ele>663.47</ele>
      </trkpt>
      <trkpt lat="-29.6219399292022" lon="30.394019996747375">
        <ele>660.15</ele>
      </trkpt>
      <trkpt lat="-29.62023999541998" lon="30.39409996010363">
        <ele>659.34</ele>
      </trkpt>
      <trkpt lat="-29.618679955601692" lon="30.39413994178176">
        <ele>656.14</ele>
      </trkpt>
      <trkpt lat="-29.618299920111895" lon="30.394169948995113">
        <ele>655.35</ele>
      </trkpt>
      <trkpt lat="-29.61796992458403" lon="30.394299952313304">
        <ele>656.15</ele>
      </trkpt>
      <trkpt lat="-29.617439936846495" lon="30.39458996616304">
        <ele>651.62</ele>
      </trkpt>
      <trkpt lat="-29.61692134849727" lon="30.395027417689562">
        <ele>650.6</ele>
      </trkpt>
      <trkpt lat="-29.616604261100292" lon="30.39540301077068">
        <ele>648.1</ele>
      </trkpt>
      <trkpt lat="-29.61636177264154" lon="30.395810790359974">
        <ele>648.78</ele>
      </trkpt>
      <trkpt lat="-29.61625917814672" lon="30.395888574421406">
        <ele>648.41</ele>
      </trkpt>
      <trkpt lat="-29.615219151601195" lon="30.39475374855101">
        <ele>641.11</ele>
      </trkpt>
      <trkpt lat="-29.61505126208067" lon="30.394694739952683">
        <ele>640.08</ele>
      </trkpt>
      <trkpt lat="-29.61492771282792" lon="30.394726926460862">
        <ele>640.37</ele>
      </trkpt>
      <trkpt lat="-29.61424215696752" lon="30.395746417343616">
        <ele>641.15</ele>
      </trkpt>
      <trkpt lat="-29.61368015035987" lon="30.396478828042746">
        <ele>634.97</ele>
      </trkpt>
      <trkpt lat="-29.613500609993935" lon="30.396406408399343">
        <ele>633.63</ele>
      </trkpt>
      <trkpt lat="-29.61306449957192" lon="30.395700819790363">
        <ele>637.58</ele>
      </trkpt>
      <trkpt lat="-29.612497882917523" lon="30.396556612104177">
        <ele>633.34</ele>
      </trkpt>
      <trkpt lat="-29.612005865201354" lon="30.397267565131187">
        <ele>632.84</ele>
      </trkpt>
      <trkpt lat="-29.611525498330593" lon="30.397986564785242">
        <ele>632.47</ele>
      </trkpt>
    </trkseg>
  </trk>
</gpx>
